# .PCD v0.7 - Point Cloud Data file format
VERSION 0.7
FIELDS x y z
SIZE 4 4 4
TYPE F F F
COUNT 1 1 1
WIDTH 9888
HEIGHT 1
VIEWPOINT 0 0 0 1 0 0 0
POINTS 9888
DATA ascii
-2.650615 -0.005099 -0.807136
-2.651960 -0.017780 -0.763112
-2.653790 -0.018136 -0.735318
-2.659678 -0.006596 -0.690268
-2.653210 -0.014842 -0.641796
-2.659218 0.016642 -0.805718
-2.669842 0.040643 -0.775943
-2.669662 0.032120 -0.703527
-2.667207 0.022212 -0.697532
-2.652754 0.000102 -0.646130
-2.663792 0.083784 -0.853343
-2.679827 0.089015 -0.827666
-2.652918 0.064105 -0.775974
-2.675076 0.087176 -0.729407
-2.664460 0.050149 -0.693229
-2.683761 0.136764 -0.878610
-2.691180 0.141242 -0.808268
-2.674742 0.118454 -0.770716
-2.682407 0.103609 -0.749612
-2.678605 0.154480 -0.862608
-2.693952 0.168769 -0.829938
-2.690096 0.150390 -0.794221
-2.600339 -0.200463 -0.512153
-2.600572 -0.157741 -0.744625
-2.606797 -0.169347 -0.671356
-2.610858 -0.163274 -0.632981
-2.612030 -0.166906 -0.559607
-2.607055 -0.176806 -0.507441
-2.604511 -0.162061 -0.488908
-2.614933 -0.124237 -0.754332
-2.621207 -0.117227 -0.728420
-2.618127 -0.134142 -0.687960
-2.603685 -0.102041 -0.635182
-2.619642 -0.142069 -0.564652
-2.609108 -0.114868 -0.548640
-2.612619 -0.080058 -0.777761
-2.604514 -0.089074 -0.737837
-2.609984 -0.076574 -0.679129
-2.610402 -0.081443 -0.641906
-2.613533 -0.085317 -0.596905
-2.631770 -0.016158 -0.806687
-2.646324 -0.030588 -0.777693
-2.625895 -0.019585 -0.739811
-2.648853 -0.043650 -0.673352
-2.630818 -0.036538 -0.626900
-2.640982 0.031609 -0.805552
-2.633909 0.006798 -0.755514
-2.638055 0.008788 -0.702869
-2.644678 0.023061 -0.696796
-2.648817 0.001216 -0.647296
-2.648206 0.054518 -0.812148
-2.648653 0.052138 -0.775004
-2.552485 -0.268602 -0.661550
-2.560752 -0.263709 -0.630610
-2.568668 -0.258839 -0.561458
-2.563685 -0.267612 -0.505036
-2.554440 -0.277604 -0.474538
-2.557873 -0.275271 -0.443195
-2.563900 -0.260472 -0.368316
-2.553698 -0.268823 -0.337971
-2.585190 -0.213677 -0.706524
-2.574381 -0.242296 -0.667160
-2.566693 -0.207100 -0.623339
-2.597971 -0.205515 -0.556668
-2.577029 -0.249094 -0.529085
-2.573618 -0.203354 -0.495856
-2.579029 -0.238983 -0.411467
-2.558864 -0.244809 -0.381045
-2.585521 -0.166935 -0.731825
-2.580046 -0.169420 -0.669625
-2.586266 -0.155441 -0.617615
-2.590951 -0.150492 -0.563212
-2.595058 -0.157407 -0.508974
-2.584869 -0.197655 -0.450720
-2.585650 -0.199594 -0.445451
-2.595976 -0.138914 -0.750548
-2.594538 -0.123531 -0.728624
-2.590556 -0.137234 -0.671623
-2.590904 -0.140774 -0.627460
-2.596541 -0.134959 -0.568538
-2.596961 -0.144944 -0.531880
-2.543255 -0.273235 -0.672446
-2.501857 -0.255322 -0.611244
-2.523583 -0.289493 -0.575484
-2.532078 -0.250681 -0.537977
-2.518431 -0.293927 -0.498674
-2.522125 -0.258218 -0.402860
-2.501335 -0.299419 -0.394170
-2.538688 -0.284622 -0.324466
-2.512357 -0.268747 -0.294385
-2.501886 -0.283277 -0.243859
-2.543293 -0.248977 -0.677781
-2.536143 -0.247831 -0.611177
-2.540170 -0.245870 -0.576525
-2.540570 -0.247747 -0.503545
-2.541009 -0.248080 -0.487523
-2.543350 -0.249490 -0.430015
-2.549644 -0.249450 -0.387552
-2.450372 -0.300483 -0.453501
-2.473293 -0.300622 -0.415892
-2.462451 -0.302006 -0.370777
-2.458051 -0.302237 -0.332566
-2.463698 -0.300392 -0.290506
-2.485454 -0.262557 -0.667069
-2.498039 -0.289461 -0.636473
-2.475865 -0.256612 -0.559100
-2.485457 -0.295722 -0.537576
-2.495390 -0.298359 -0.450089
-2.488605 -0.259853 -0.414097
-2.494552 -0.261519 -0.373468
-2.483324 -0.264217 -0.330958
-2.488068 -0.297105 -0.278034
-2.459271 -0.277539 -0.228592
-2.420089 -0.300050 -0.510331
-2.424964 -0.301186 -0.467330
-2.420815 -0.302493 -0.430073
-2.430334 -0.303203 -0.382362
-2.401016 -0.304876 -0.328142
-2.417378 -0.302157 -0.271838
-2.411252 -0.300730 -0.249309
-2.442791 -0.262121 -0.654283
-2.438560 -0.293087 -0.635543
-2.421869 -0.296975 -0.588401
-2.438802 -0.298190 -0.536735
-2.413894 -0.259964 -0.468302
-2.448004 -0.259754 -0.444605
-2.420356 -0.262737 -0.364109
-2.442440 -0.265341 -0.311807
-2.431834 -0.269073 -0.267619
-2.433478 -0.294784 -0.221697
-2.417614 -0.286985 -0.196719
-2.351177 -0.300466 -0.601487
-2.361061 -0.300404 -0.590429
-2.360154 -0.303430 -0.504317
-2.360813 -0.304272 -0.472180
-2.393385 -0.304353 -0.406771
-2.382880 -0.305721 -0.350756
-2.359137 -0.306851 -0.320998
-2.372340 -0.305484 -0.286953
-2.390949 -0.300263 -0.231388
-2.384073 -0.287610 -0.675153
-2.379770 -0.297981 -0.615229
-2.394660 -0.298307 -0.592958
-2.371532 -0.260292 -0.530854
-2.388866 -0.260755 -0.458848
-2.362001 -0.262317 -0.410866
-2.385869 -0.262876 -0.372818
-2.378662 -0.265490 -0.309707
-2.369050 -0.268198 -0.267792
-2.380399 -0.275615 -0.210890
-2.374774 -0.294429 -0.191455
-2.314056 -0.302634 -0.602590
-2.342257 -0.301383 -0.593538
-2.328790 -0.303893 -0.548478
-2.335899 -0.305590 -0.472166
-2.308203 -0.307724 -0.443713
-2.329095 -0.307634 -0.398182
-2.313173 -0.309015 -0.309291
-2.340975 -0.305799 -0.257166
-2.348965 -0.302723 -0.226064
-2.326885 -0.300538 -0.197044
-2.313676 -0.294805 -0.668490
-2.341814 -0.265070 -0.640578
-2.346203 -0.261124 -0.554847
-2.339760 -0.261330 -0.549210
-2.317698 -0.262195 -0.497968
-2.329321 -0.262414 -0.448894
-2.310730 -0.264733 -0.350718
-2.322614 -0.265412 -0.323156
-2.313857 -0.267169 -0.284710
-2.338701 -0.273497 -0.214441
-2.300406 -0.292511 -0.157874
-2.272425 -0.300362 -0.655792
-2.268353 -0.301597 -0.649516
-2.271611 -0.306794 -0.561469
-2.278497 -0.307179 -0.535100
-2.277274 -0.308562 -0.480294
-2.260442 -0.310974 -0.403538
-2.267335 -0.310772 -0.394901
-2.250484 -0.312124 -0.306776
-2.251877 -0.310619 -0.252079
-2.280109 -0.307461 -0.228295
-2.273455 -0.302424 -0.181252
-2.281884 -0.296298 -0.668989
-2.287601 -0.266027 -0.626142
-2.251611 -0.265522 -0.593250
-2.272743 -0.263552 -0.514296
-2.259692 -0.264050 -0.484138
-2.273800 -0.264406 -0.406179
-2.261397 -0.265173 -0.375589
-2.253135 -0.265965 -0.343874
-2.290520 -0.267132 -0.289650
-2.277130 -0.270059 -0.240692
-2.284695 -0.281450 -0.164025
-2.252791 -0.293446 -0.142621
-2.220581 -0.300992 -0.665032
-2.248885 -0.305111 -0.626085
-2.237485 -0.308543 -0.568530
-2.246846 -0.308852 -0.539985
-2.212680 -0.311758 -0.495771
-2.241788 -0.311443 -0.430589
-2.221928 -0.313372 -0.369487
-2.233850 -0.313027 -0.331106
-2.224271 -0.313114 -0.283404
-2.201062 -0.312041 -0.225483
-2.217194 -0.302193 -0.153584
-2.206099 -0.300449 -0.141800
-2.209162 -0.286304 -0.675263
-2.222201 -0.268098 -0.616132
-2.246592 -0.264707 -0.553245
-2.217531 -0.265641 -0.544174
-2.244205 -0.264718 -0.451411
-2.235019 -0.265397 -0.404975
-2.222377 -0.266358 -0.357761
-2.230066 -0.266891 -0.323567
-2.219838 -0.269494 -0.254750
-2.200751 -0.271928 -0.217770
-2.201720 -0.278243 -0.162104
-2.202601 -0.297597 -0.132153
-2.198009 -0.303926 -0.658643
-2.198603 -0.305629 -0.649028
-2.198796 -0.310853 -0.565418
-2.155730 -0.314226 -0.526815
-2.172059 -0.314368 -0.472114
-2.158473 -0.316126 -0.401631
-2.197768 -0.314568 -0.369532
-2.154861 -0.316913 -0.323479
-2.199882 -0.313600 -0.255077
-2.184751 -0.312670 -0.220458
-2.192526 -0.308867 -0.183428
-2.171645 -0.305125 -0.147296
-2.197791 -0.297498 -0.672806
-2.189416 -0.270670 -0.627425
-2.187509 -0.267134 -0.564020
-2.189287 -0.266602 -0.538839
-2.154464 -0.267418 -0.452926
-2.152381 -0.267576 -0.423536
-2.172435 -0.267149 -0.397829
-2.154712 -0.268557 -0.320551
-2.177454 -0.269050 -0.281037
-2.153204 -0.271168 -0.236844
-2.187722 -0.275952 -0.176131
-2.156344 -0.281930 -0.135979
-2.123838 -0.308982 -0.652689
-2.106783 -0.314108 -0.610128
-2.149140 -0.312752 -0.590420
-2.120274 -0.316204 -0.522941
-2.141249 -0.315781 -0.484534
-2.131674 -0.317312 -0.412572
-2.148764 -0.316809 -0.385439
-2.144329 -0.317418 -0.328291
-2.137069 -0.317649 -0.294876
-2.134909 -0.315222 -0.214878
-2.124730 -0.311403 -0.164493
-2.103457 -0.310889 -0.148585
-2.103578 -0.285378 -0.666593
-2.146060 -0.271695 -0.618436
-2.110183 -0.271559 -0.596407
-2.107799 -0.269809 -0.548680
-2.143132 -0.267771 -0.456960
-2.125907 -0.268364 -0.428325
-2.134770 -0.268356 -0.377195
-2.116033 -0.269180 -0.344562
-2.100281 -0.270756 -0.276085
-2.125601 -0.272796 -0.212957
-2.118170 -0.278570 -0.150398
-2.123496 -0.282679 -0.127204
-2.104888 -0.295073 -0.097122
-2.072612 -0.308054 -0.664213
-2.097914 -0.313251 -0.629353
-2.055264 -0.317524 -0.594522
-2.080128 -0.318179 -0.528146
-2.090076 -0.318757 -0.460169
-2.079981 -0.319933 -0.404680
-2.052323 -0.321574 -0.371213
-2.081688 -0.320422 -0.313114
-2.083343 -0.320201 -0.287916
-2.097279 -0.318011 -0.227709
-2.075808 -0.317279 -0.193629
-2.082114 -0.310517 -0.134822
-2.051239 -0.304832 -0.094633
-2.078857 -0.284552 -0.662368
-2.086171 -0.275756 -0.629527
-2.072561 -0.273339 -0.599466
-2.091704 -0.270013 -0.528244
-2.089956 -0.269678 -0.494810
-2.058204 -0.270554 -0.400797
-2.088701 -0.269654 -0.385381
-2.058524 -0.270947 -0.329472
-2.097793 -0.270990 -0.269246
-2.078605 -0.273561 -0.210507
-2.095610 -0.277774 -0.155544
-2.080097 -0.278575 -0.148178
-2.053183 -0.290956 -0.087356
-2.025914 -0.301424 -0.670972
-2.038338 -0.316793 -0.622125
-2.009510 -0.319978 -0.589118
-2.003071 -0.322321 -0.507731
-2.042931 -0.320687 -0.489368
-2.016894 -0.322523 -0.440891
-2.046301 -0.321884 -0.367445
-2.001687 -0.324127 -0.300301
-2.019304 -0.323276 -0.292482
-2.035538 -0.321400 -0.231182
-2.046561 -0.318122 -0.181259
-2.005388 -0.315937 -0.131742
-2.044811 -0.303929 -0.089503
-2.032128 -0.294892 -0.670689
-2.015728 -0.277145 -0.614581
-2.011425 -0.273784 -0.557374
-2.036610 -0.271846 -0.516168
-2.028136 -0.271710 -0.475640
-2.027128 -0.271603 -0.446538
-2.016952 -0.271902 -0.394609
-2.035736 -0.271948 -0.300501
-2.007362 -0.272842 -0.294624
-2.010185 -0.274554 -0.218103
-2.029135 -0.276815 -0.169219
-2.033898 -0.283208 -0.112804
-2.018984 -0.292795 -0.076186
-1.971285 -0.301104 -0.669515
-1.956919 -0.321838 -0.601386
-1.971416 -0.322337 -0.572742
-1.980058 -0.323181 -0.520729
-1.963116 -0.324659 -0.472405
-1.974632 -0.324519 -0.436600
-1.976290 -0.324831 -0.396069
-1.997547 -0.324271 -0.342308
-1.967263 -0.325550 -0.273545
-1.957637 -0.325659 -0.247712
-1.997740 -0.318985 -0.155330
-1.977794 -0.316950 -0.123815
-1.980026 -0.306123 -0.070757
-1.971283 -0.298492 -0.669005
-1.999796 -0.277517 -0.611400
-1.953323 -0.275882 -0.552229
-1.976385 -0.274168 -0.520666
-1.988362 -0.272960 -0.450562
-1.973692 -0.273347 -0.404849
-1.997567 -0.272573 -0.373246
-1.951067 -0.274330 -0.317933
-1.974553 -0.274074 -0.275768
-1.976437 -0.274844 -0.235558
-1.952225 -0.279183 -0.150675
-1.960273 -0.281139 -0.126616
-1.999654 -0.296303 -0.067273
-1.922472 -0.313244 -0.662362
-1.948122 -0.319811 -0.633072
-1.913692 -0.325113 -0.566718
-1.937772 -0.325230 -0.513929
-1.938300 -0.325493 -0.495053
-1.914866 -0.327251 -0.431047
-1.944559 -0.326433 -0.374241
-1.918384 -0.327878 -0.321920
-1.908082 -0.328307 -0.282796
-1.927033 -0.326832 -0.233200
-1.923814 -0.324018 -0.161877
-1.920843 -0.320507 -0.119595
-1.904521 -0.318770 -0.096028
-1.924426 -0.300496 -0.045082
-1.913481 -0.289936 -0.652448
-1.949753 -0.280342 -0.616672
-1.935437 -0.277218 -0.567951
-1.947524 -0.275441 -0.529124
-1.940124 -0.274971 -0.486237
-1.932041 -0.274775 -0.405352
-1.912257 -0.275431 -0.387965
-1.930716 -0.275047 -0.308956
-1.940498 -0.274976 -0.284765
-1.921908 -0.276199 -0.242879
-1.932199 -0.279178 -0.155585
-1.925286 -0.283736 -0.104300
-1.912223 -0.285549 -0.090087
-1.930103 -0.298242 -0.047678
-1.875685 -0.308888 -0.665131
-1.866876 -0.324436 -0.619633
-1.850561 -0.327949 -0.562798
-1.880362 -0.327813 -0.511191
-1.891815 -0.327769 -0.478858
-1.860562 -0.329880 -0.401341
-1.863940 -0.329915 -0.379064
-1.875919 -0.329734 -0.323204
-1.884338 -0.329147 -0.252484
-1.888773 -0.328425 -0.221727
-1.856830 -0.328439 -0.174094
-1.895180 -0.324842 -0.149509
-1.858806 -0.315161 -0.052445
-1.891201 -0.310702 -0.049266
-1.870320 -0.299961 -0.663410
-1.871940 -0.287125 -0.635577
-1.879196 -0.278760 -0.551881
-1.860944 -0.279149 -0.543061
-1.885184 -0.277123 -0.496269
-1.876991 -0.276797 -0.434901
-1.853710 -0.277429 -0.370370
-1.850367 -0.277596 -0.326480
-1.883594 -0.277029 -0.262294
-1.865916 -0.277842 -0.244347
-1.861905 -0.279036 -0.196223
-1.877422 -0.281010 -0.142249
-1.877738 -0.291347 -0.054753
-1.875057 -0.295190 -0.040790
-1.811719 -0.307940 -0.663045
-1.832325 -0.322387 -0.644433
-1.821802 -0.329143 -0.563301
-1.801104 -0.330610 -0.541040
-1.827677 -0.330835 -0.452945
-1.844103 -0.330428 -0.420616
-1.819762 -0.331796 -0.381373
-1.846055 -0.331011 -0.328331
-1.843765 -0.331007 -0.252738
-1.836206 -0.330523 -0.203471
-1.815586 -0.330859 -0.180635
-1.847123 -0.324870 -0.113732
-1.846290 -0.317678 -0.058921
-1.811472 -0.317382 -0.040856
-1.844524 -0.299080 -0.660454
-1.846259 -0.292767 -0.649818
-1.824180 -0.283781 -0.597780
-1.825636 -0.280239 -0.535251
-1.831846 -0.278831 -0.480217
-1.835714 -0.278196 -0.424285
-1.845645 -0.277736 -0.390895
-1.821536 -0.278538 -0.342767
-1.827843 -0.278598 -0.281738
-1.849093 -0.278274 -0.249803
-1.830261 -0.280079 -0.190300
-1.808211 -0.282764 -0.136355
-1.825851 -0.287761 -0.072979
-1.835913 -0.291902 -0.047433
-1.785967 -0.313055 -0.661000
-1.774449 -0.328677 -0.611904
-1.758794 -0.331615 -0.566921
-1.788789 -0.331504 -0.523507
-1.780778 -0.332676 -0.467920
-1.779391 -0.333149 -0.426613
-1.763228 -0.334303 -0.369339
-1.788577 -0.333466 -0.332468
-1.755460 -0.335033 -0.263593
-1.776917 -0.333738 -0.223076
-1.794442 -0.331819 -0.177332
-1.758819 -0.330054 -0.108568
-1.755567 -0.328906 -0.092598
-1.764148 -0.322396 -0.044512
-1.761685 -0.308463 0.001118
-1.782568 -0.298377 -0.653190
-1.753796 -0.297249 -0.647443
-1.761812 -0.285920 -0.592594
-1.780793 -0.281599 -0.524333
-1.774414 -0.280577 -0.454146
-1.756637 -0.280968 -0.425623
-1.768807 -0.280345 -0.370736
-1.757934 -0.280726 -0.317993
-1.763484 -0.280778 -0.271079
-1.779595 -0.281283 -0.200354
-1.774757 -0.281931 -0.179745
-1.759158 -0.285428 -0.107866
-1.758970 -0.289024 -0.064743
-1.750628 -0.290923 -0.049062
-1.744015 -0.315064 -0.658875
-1.722194 -0.326951 -0.639229
-1.703620 -0.334289 -0.553738
-1.738000 -0.333774 -0.515674
-1.739467 -0.334099 -0.492625
-1.709630 -0.336308 -0.405307
-1.707383 -0.336792 -0.355883
-1.749655 -0.335118 -0.335646
-1.732263 -0.336075 -0.272040
-1.718357 -0.336508 -0.229446
-1.710875 -0.335751 -0.167692
-1.732472 -0.333830 -0.146113
-1.721857 -0.329848 -0.078684
-1.744464 -0.320409 -0.023779
-1.747624 -0.309293 0.005007
-1.740152 -0.290271 -0.619338
-1.730305 -0.285384 -0.568635
-1.747959 -0.282275 -0.503217
-1.708012 -0.283147 -0.472785
-1.721328 -0.282389 -0.449296
-1.704813 -0.282564 -0.388504
-1.743089 -0.281199 -0.333467
-1.737995 -0.281568 -0.275731
-1.728140 -0.282233 -0.237565
-1.730500 -0.283223 -0.178255
-1.723018 -0.285665 -0.116581
-1.704099 -0.290262 -0.057115
-1.706183 -0.291839 -0.042420
-1.710074 -0.299821 0.001373
-1.669168 -0.316509 -0.655735
-1.662669 -0.332003 -0.619860
-1.690159 -0.333601 -0.585440
-1.657165 -0.336373 -0.547598
-1.682525 -0.336796 -0.471335
-1.698160 -0.336392 -0.448897
-1.678762 -0.337972 -0.362690
-1.659343 -0.338930 -0.346916
-1.691265 -0.337830 -0.298092
-1.650194 -0.339516 -0.212403
-1.656664 -0.338734 -0.179672
-1.696369 -0.334797 -0.125177
-1.698955 -0.328368 -0.050149
-1.674765 -0.324333 -0.009906
-1.677281 -0.321961 0.000447
-1.698219 -0.293425 -0.625410
-1.666700 -0.288460 -0.576866
-1.655790 -0.285603 -0.504433
-1.694132 -0.283362 -0.452356
-1.653457 -0.284495 -0.425921
-1.696464 -0.282857 -0.392437
-1.653297 -0.284176 -0.317513
-1.669344 -0.283771 -0.277208
-1.684993 -0.283593 -0.236399
-1.664371 -0.285760 -0.151723
-1.687069 -0.285968 -0.128380
-1.684270 -0.287645 -0.095210
-1.667084 -0.292146 -0.041599
-1.667968 -0.298964 0.003729
-1.631784 -0.312373 -0.653713
-1.606017 -0.301630 -0.636849
-1.609061 -0.337965 -0.559631
-1.634405 -0.337968 -0.522220
-1.605693 -0.339634 -0.499618
-1.616899 -0.340100 -0.428293
-1.637594 -0.339572 -0.386079
-1.644710 -0.339691 -0.329491
-1.646468 -0.339889 -0.256196
-1.635034 -0.340376 -0.238528
-1.621426 -0.340257 -0.168902
-1.616691 -0.338059 -0.101239
-1.600699 -0.338511 -0.092601
-1.647470 -0.330810 -0.038579
-1.603607 -0.328798 0.001212
-1.616737 -0.298456 -0.629133
-1.633403 -0.288094 -0.550750
-1.644467 -0.286716 -0.528026
-1.636742 -0.285462 -0.462963
-1.605555 -0.285920 -0.403996
-1.627735 -0.285172 -0.399952
-1.623792 -0.285119 -0.317962
-1.628849 -0.285003 -0.291665
-1.632260 -0.285375 -0.220598
-1.632302 -0.285668 -0.198640
-1.622537 -0.288039 -0.114952
-1.647982 -0.289046 -0.083301
-1.608264 -0.293492 -0.032711
-1.623390 -0.297899 0.002259
-1.575617 -0.315169 -0.650915
-1.554705 -0.336133 -0.617328
-1.593571 -0.337620 -0.581961
-1.594305 -0.339782 -0.516699
-1.559869 -0.342068 -0.472282
-1.573496 -0.341877 -0.440265
-1.572857 -0.342559 -0.369417
-1.551721 -0.343998 -0.304328
-1.573965 -0.343187 -0.251893
-1.599770 -0.341968 -0.229254
-1.571672 -0.342836 -0.175280
-1.554800 -0.343134 -0.146099
-1.595601 -0.338975 -0.095558
-1.583771 -0.332364 -0.012018
-1.589614 -0.326671 0.019929
-1.561255 -0.308744 0.053051
-1.576352 -0.297564 -0.617232
-1.566177 -0.293467 -0.587404
-1.584725 -0.288066 -0.503643
-1.555133 -0.288908 -0.497419
-1.572479 -0.287026 -0.410353
-1.582827 -0.286584 -0.392322
-1.598157 -0.285945 -0.340896
-1.574854 -0.286816 -0.254913
-1.554609 -0.287730 -0.213620
-1.572689 -0.288174 -0.153105
-1.553560 -0.289770 -0.112189
-1.553675 -0.292163 -0.059507
-1.571244 -0.294729 -0.023011
-1.568116 -0.298388 0.008067
-1.531210 -0.332878 -0.636290
-1.527811 -0.340918 -0.569373
-1.504073 -0.343579 -0.520835
-1.502773 -0.344594 -0.472308
-1.531789 -0.343949 -0.420307
-1.522358 -0.344832 -0.369761
-1.506726 -0.345754 -0.343875
-1.518774 -0.345610 -0.286225
-1.513906 -0.345996 -0.228183
-1.535607 -0.344610 -0.173908
-1.546525 -0.343339 -0.137157
-1.514760 -0.342314 -0.069756
-1.529127 -0.338239 -0.028579
-1.524862 -0.334547 0.006846
-1.511903 -0.324733 0.061764
-1.530027 -0.299818 -0.617247
-1.548911 -0.295665 -0.599154
-1.549635 -0.289390 -0.507954
-1.518669 -0.289934 -0.490046
-1.506301 -0.289153 -0.415851
-1.509500 -0.288874 -0.391416
-1.526408 -0.288175 -0.345208
-1.543365 -0.287634 -0.295581
-1.534724 -0.288330 -0.210362
-1.508019 -0.289851 -0.154173
-1.542787 -0.289052 -0.148898
-1.542468 -0.290888 -0.089039
-1.512967 -0.296641 -0.007661
-1.511666 -0.297781 0.003328
-1.488546 -0.337366 -0.623550
-1.479275 -0.343159 -0.564849
-1.493485 -0.344340 -0.508429
-1.485213 -0.345146 -0.486266
-1.477057 -0.346415 -0.421597
-1.487154 -0.346247 -0.392049
-1.456459 -0.348043 -0.348080
-1.480777 -0.347391 -0.283154
-1.476122 -0.347765 -0.204801
-1.454082 -0.348787 -0.190273
-1.460732 -0.347853 -0.138413
-1.481047 -0.344302 -0.068821
-1.464425 -0.340766 -0.007485
-1.456375 -0.300500 0.026253
-1.460227 -0.327893 0.073391
-1.481303 -0.299200 -0.602763
-1.482427 -0.297785 -0.594091
-1.477767 -0.292688 -0.530227
-1.467832 -0.291097 -0.468566
-1.483320 -0.289759 -0.403621
-1.451000 -0.290495 -0.366628
-1.474442 -0.289671 -0.303614
-1.471400 -0.289794 -0.269031
-1.489151 -0.289666 -0.204006
-1.472676 -0.290821 -0.150994
-1.466695 -0.292147 -0.100772
-1.490875 -0.293546 -0.054277
-1.464041 -0.294972 -0.036965
-1.490201 -0.299057 0.014170
-1.401160 -0.350166 -0.400956
-1.409680 -0.350169 -0.357224
-1.417825 -0.350162 -0.310981
-1.422833 -0.350298 -0.252063
-1.410089 -0.351009 -0.210915
-1.407509 -0.350884 -0.157934
-1.403460 -0.350304 -0.110206
-1.422699 -0.307535 -0.624406
-1.425650 -0.345030 -0.572596
-1.417463 -0.346956 -0.536014
-1.442244 -0.347355 -0.470801
-1.430598 -0.348364 -0.438096
-1.430457 -0.349106 -0.366672
-1.433363 -0.349297 -0.327257
-1.438830 -0.349453 -0.268621
-1.430465 -0.349944 -0.248493
-1.438861 -0.349473 -0.179276
-1.418931 -0.349585 -0.115234
-1.404698 -0.348540 -0.061881
-1.402840 -0.346303 -0.022695
-1.437182 -0.301297 0.032882
-1.421456 -0.304171 0.054200
-1.408562 -0.323533 0.101919
-1.411404 -0.298988 -0.581005
-1.413607 -0.294423 -0.520562
-1.431011 -0.292605 -0.483458
-1.433758 -0.291247 -0.404461
-1.406917 -0.291814 -0.374917
-1.429492 -0.290956 -0.300714
-1.434277 -0.290835 -0.272783
-1.427883 -0.291247 -0.213819
-1.433138 -0.291583 -0.166619
-1.430398 -0.292399 -0.123832
-1.406389 -0.294503 -0.068612
-1.436502 -0.294805 -0.048323
-1.424369 -0.299555 0.016787
-1.352285 -0.350797 -0.505091
-1.366365 -0.351139 -0.454163
-1.373409 -0.351431 -0.405720
-1.370659 -0.352031 -0.357208
-1.363135 -0.352693 -0.322252
-1.377057 -0.352270 -0.290778
-1.390168 -0.351997 -0.209277
-1.366243 -0.353065 -0.165079
-1.376789 -0.351847 -0.114236
-1.352494 -0.352135 -0.074580
-1.352377 -0.351043 -0.048022
-1.366459 -0.345053 -0.601413
-1.355804 -0.302511 -0.590025
-1.397255 -0.347452 -0.547100
-1.387798 -0.349445 -0.492581
-1.396710 -0.349811 -0.447613
-1.396169 -0.348853 -0.057632
-1.373560 -0.348269 -0.023380
-1.354752 -0.344170 0.037191
-1.367645 -0.305027 0.063261
-1.366117 -0.318291 0.113367
-1.374681 -0.299077 -0.569051
-1.388629 -0.295919 -0.534067
-1.368562 -0.294616 -0.485975
-1.391493 -0.292619 -0.417427
-1.364812 -0.292879 -0.352649
-1.378974 -0.292369 -0.309883
-1.360223 -0.292851 -0.283204
-1.356823 -0.293067 -0.222206
-1.359057 -0.293487 -0.162692
-1.392269 -0.293768 -0.102786
-1.387073 -0.294140 -0.092781
-1.375034 -0.296778 -0.029379
-1.368516 -0.299278 0.008693
-1.308963 -0.350080 -0.571692
-1.308711 -0.352675 -0.510749
-1.326086 -0.352969 -0.459318
-1.308599 -0.354217 -0.432500
-1.322230 -0.354441 -0.350966
-1.302486 -0.355742 -0.313057
-1.335653 -0.354399 -0.275853
-1.312565 -0.355833 -0.226143
-1.311736 -0.355948 -0.195371
-1.300321 -0.356381 -0.147212
-1.313386 -0.354368 -0.074007
-1.349354 -0.351192 -0.047268
-1.311002 -0.350745 0.000629
-1.345870 -0.345739 -0.602269
-1.340204 -0.347653 -0.586198
-1.341413 -0.349846 -0.549392
-1.334481 -0.349709 -0.006987
-1.322362 -0.300911 0.024399
-1.314871 -0.309993 0.097434
-1.343749 -0.332472 0.107805
-1.334653 -0.299541 -0.558574
-1.301707 -0.298690 -0.531989
-1.339270 -0.295542 -0.486815
-1.314583 -0.295218 -0.443306
-1.331603 -0.294045 -0.391375
-1.321841 -0.293918 -0.318797
-1.310205 -0.294157 -0.264711
-1.336159 -0.293672 -0.207120
-1.307085 -0.294646 -0.171486
-1.318011 -0.295049 -0.120935
-1.317766 -0.295715 -0.088784
-1.303548 -0.297798 -0.032627
-1.334672 -0.299240 0.003005
-1.253666 -0.350191 -0.595559
-1.255991 -0.353935 -0.544531
-1.259093 -0.355665 -0.485841
-1.289131 -0.354965 -0.445894
-1.263387 -0.357129 -0.374572
-1.275729 -0.357076 -0.312963
-1.288770 -0.356669 -0.283233
-1.280064 -0.357558 -0.203207
-1.285371 -0.357247 -0.160565
-1.297786 -0.356496 -0.144597
-1.266941 -0.357332 -0.085365
-1.251572 -0.357085 -0.046409
-1.297698 -0.350059 0.020667
-1.250265 -0.350675 0.051275
-1.272619 -0.311107 -0.611136
-1.277448 -0.307497 -0.598523
-1.259712 -0.301251 -0.548160
-1.273443 -0.301399 0.025367
-1.260455 -0.348660 0.062349
-1.255693 -0.339971 0.119292
-1.267555 -0.298737 -0.512933
-1.255637 -0.297516 -0.470415
-1.266560 -0.296650 -0.447866
-1.264745 -0.295784 -0.385406
-1.255708 -0.295632 -0.324998
-1.281998 -0.294871 -0.256937
-1.294879 -0.294677 -0.209129
-1.258453 -0.295604 -0.198018
-1.261491 -0.296610 -0.102200
-1.280071 -0.297074 -0.065747
-1.299199 -0.299162 -0.005636
-1.297249 -0.299633 0.002242
-1.206706 -0.351097 -0.601873
-1.244786 -0.350714 -0.594225
-1.238207 -0.355176 -0.534665
-1.206501 -0.358726 -0.462914
-1.229106 -0.358122 -0.432727
-1.219959 -0.359079 -0.395625
-1.249090 -0.358426 -0.311971
-1.219456 -0.360281 -0.271404
-1.227126 -0.360272 -0.210951
-1.223994 -0.360512 -0.168753
-1.238066 -0.359293 -0.104166
-1.225512 -0.359810 -0.091904
-1.202178 -0.360052 -0.045977
-1.234396 -0.354263 0.023981
-1.203218 -0.351809 0.074676
-1.213765 -0.343603 -0.624659
-1.226611 -0.303010 -0.554888
-1.217038 -0.300700 -0.520746
-1.206499 -0.300638 -0.001058
-1.211426 -0.300893 0.005348
-1.207412 -0.304623 0.060910
-1.235723 -0.345104 0.103165
-1.213138 -0.334240 0.154948
-1.242487 -0.298916 -0.500176
-1.214768 -0.299299 -0.489300
-1.238275 -0.297340 -0.443813
-1.205105 -0.297205 -0.375291
-1.213337 -0.296601 -0.304324
-1.205888 -0.296704 -0.264234
-1.231194 -0.296225 -0.200278
-1.201957 -0.297178 -0.153724
-1.234199 -0.296621 -0.140228
-1.248421 -0.297293 -0.081832
-1.223937 -0.298715 -0.045095
-1.178370 -0.351558 -0.605040
-1.174474 -0.354678 -0.585414
-1.152078 -0.359643 -0.525815
-1.183416 -0.360104 -0.451061
-1.181897 -0.360625 -0.424224
-1.190362 -0.360708 -0.384932
-1.152110 -0.363391 -0.316054
-1.177202 -0.362636 -0.250661
-1.159594 -0.363801 -0.216333
-1.175645 -0.363085 -0.181610
-1.197423 -0.361828 -0.132790
-1.171677 -0.362021 -0.050222
-1.194901 -0.360058 -0.033363
-1.166834 -0.358343 0.032776
-1.165370 -0.355086 0.071815
-1.156958 -0.352388 0.100973
-1.189929 -0.332800 -0.630001
-1.159740 -0.307289 -0.570549
-1.192311 -0.301315 -0.518331
-1.166377 -0.300252 -0.478572
-1.180980 -0.300781 -0.006146
-1.185132 -0.302312 0.026052
-1.182147 -0.304629 0.059679
-1.193107 -0.347019 0.115516
-1.165095 -0.326900 0.173755
-1.193540 -0.299449 -0.476741
-1.179723 -0.298457 -0.421990
-1.197816 -0.297242 -0.358670
-1.182498 -0.297348 -0.309946
-1.150506 -0.298008 -0.285178
-1.160961 -0.297724 -0.248360
-1.183014 -0.297607 -0.150669
-1.151225 -0.298526 -0.124263
-1.157103 -0.298805 -0.095636
-1.184252 -0.299854 -0.030033
-1.100731 -0.355353 -0.600630
-1.101119 -0.359350 -0.571054
-1.148254 -0.359387 -0.536212
-1.124128 -0.362300 -0.486911
-1.127866 -0.363012 -0.446609
-1.111496 -0.364868 -0.379564
-1.118650 -0.365115 -0.320477
-1.124243 -0.365285 -0.269162
-1.139066 -0.364845 -0.224406
-1.147614 -0.364623 -0.151757
-1.110248 -0.366677 -0.143330
-1.110050 -0.365837 -0.056100
-1.117207 -0.365104 -0.043062
-1.100052 -0.362971 0.033008
-1.142395 -0.358567 0.052619
-1.145649 -0.350578 0.120690
-1.102537 -0.343570 -0.623435
-1.142199 -0.308024 -0.571160
-1.103820 -0.303370 -0.508909
-1.138688 -0.301512 -0.491366
-1.119793 -0.300174 -0.432614
-1.109838 -0.300453 -0.054242
-1.120669 -0.300634 -0.039135
-1.115088 -0.302369 0.010440
-1.148140 -0.307804 0.093531
-1.145694 -0.312868 0.132380
-1.108415 -0.318165 0.164196
-1.143594 -0.299786 -0.441657
-1.125270 -0.299185 -0.380112
-1.133740 -0.298534 -0.324498
-1.112285 -0.298810 -0.261685
-1.102050 -0.299010 -0.227105
-1.138860 -0.298271 -0.198628
-1.118476 -0.299241 -0.118403
-1.120095 -0.299963 -0.069128
-1.145243 -0.299940 -0.049837
-1.079476 -0.350107 -0.617233
-1.051026 -0.360454 -0.581616
-1.086376 -0.362869 -0.525729
-1.059405 -0.365488 -0.490393
-1.087540 -0.365752 -0.407846
-1.072754 -0.366674 -0.398179
-1.087576 -0.366837 -0.313490
-1.064961 -0.368349 -0.281754
-1.088139 -0.367581 -0.224980
-1.097807 -0.367268 -0.190623
-1.063268 -0.369232 -0.112946
-1.075989 -0.368371 -0.093316
-1.097268 -0.365108 -0.005190
-1.093128 -0.362519 0.047181
-1.069602 -0.362942 0.064371
-1.052960 -0.359355 0.115093
-1.054841 -0.353468 0.155193
-1.099428 -0.341315 -0.624502
-1.051548 -0.316876 -0.595356
-1.052647 -0.307023 -0.537602
-1.052772 -0.303431 -0.482148
-1.070758 -0.301597 -0.441361
-1.062472 -0.300776 -0.389543
-1.057445 -0.300109 -0.300551
-1.052429 -0.300122 -0.271621
-1.052854 -0.300049 -0.226926
-1.060823 -0.300004 -0.168945
-1.051459 -0.300555 -0.117166
-1.084038 -0.300560 -0.071585
-1.061489 -0.302449 -0.008312
-1.056936 -0.303701 0.024450
-1.067860 -0.304837 0.050258
-1.098943 -0.312311 0.133259
-1.051527 -0.346540 0.188267
-1.060817 -0.340213 0.200683
-1.089029 -0.299726 -0.350418
-1.076813 -0.299692 -0.301387
-1.094739 -0.299233 -0.281136
-1.084039 -0.299396 -0.221189
-1.095975 -0.299207 -0.188212
-1.091665 -0.299628 -0.132172
-1.096612 -0.299897 -0.099626
-1.048935 -0.352482 -0.614328
-1.020324 -0.364047 -0.560242
-1.044203 -0.364699 -0.531341
-1.008877 -0.368665 -0.469963
-1.001395 -0.369704 -0.441934
-1.034439 -0.369305 -0.351143
-1.035810 -0.369526 -0.323500
-1.014149 -0.370991 -0.293790
-1.001228 -0.372312 -0.225952
-1.010132 -0.372044 -0.196623
-1.030905 -0.371048 -0.106804
-1.036089 -0.370431 -0.069017
-1.021406 -0.370277 -0.016612
-1.037754 -0.368563 0.003848
-1.045611 -0.362515 0.090373
-1.009842 -0.359591 0.142227
-1.011476 -0.352278 0.184295
-1.035083 -0.319907 -0.601951
-1.030941 -0.310534 -0.561269
-1.030769 -0.307620 -0.536825
-1.044480 -0.302722 -0.457327
-1.001185 -0.302759 -0.419816
-1.018904 -0.301584 -0.375649
-1.018878 -0.301102 -0.327036
-1.034133 -0.300558 -0.286462
-1.020355 -0.300738 -0.201393
-1.027945 -0.300712 -0.158116
-1.010376 -0.301223 -0.131723
-1.044846 -0.301114 -0.081225
-1.001390 -0.302723 -0.034248
-1.045071 -0.303910 0.025917
-1.027146 -0.306854 0.077765
-1.019503 -0.308730 0.102644
-1.004717 -0.319684 0.187119
-1.010254 -0.346039 0.207561
-0.959695 -0.355609 -0.612438
-0.961400 -0.365041 -0.577128
-0.976564 -0.369420 -0.500166
-0.977737 -0.370586 -0.458423
-0.962531 -0.372019 -0.429163
-0.967916 -0.372588 -0.375829
-0.983122 -0.372369 -0.324824
-0.950057 -0.374815 -0.259597
-0.999266 -0.372433 -0.224361
-0.971553 -0.374312 -0.174297
-0.952769 -0.375509 -0.134478
-0.993726 -0.373037 -0.082379
-0.990850 -0.372218 -0.018964
-0.953459 -0.372678 0.036873
-0.952616 -0.370380 0.078372
-0.992421 -0.361397 0.140018
-0.953626 -0.357793 0.187097
-0.968452 -0.350905 0.210508
-0.976087 -0.329130 -0.613188
-0.960768 -0.314134 -0.568486
-0.959928 -0.309716 -0.536224
-0.976929 -0.304641 -0.463753
-0.954854 -0.303872 -0.420240
-0.962978 -0.302758 -0.369051
-0.951466 -0.302680 -0.339494
-0.992281 -0.301347 -0.251929
-0.985018 -0.301465 -0.201641
-0.951794 -0.302157 -0.189476
-0.974344 -0.301949 -0.128048
-0.968237 -0.302849 -0.058485
-0.955434 -0.303711 -0.024165
-0.993641 -0.303853 0.004551
-0.972489 -0.306854 0.070605
-0.973070 -0.309423 0.109325
-0.979169 -0.314245 0.156976
-0.979579 -0.340096 0.229561
-0.941694 -0.358873 -0.607546
-0.936071 -0.367017 -0.570493
-0.922837 -0.370864 -0.529656
-0.944580 -0.371492 -0.487997
-0.932123 -0.373566 -0.432691
-0.927805 -0.374635 -0.384460
-0.936247 -0.374993 -0.318221
-0.930232 -0.375921 -0.257642
-0.923754 -0.376515 -0.232023
-0.931327 -0.376512 -0.180101
-0.907457 -0.378089 -0.119426
-0.947162 -0.375606 -0.065728
-0.944106 -0.374691 -0.002776
-0.906232 -0.376958 0.000106
-0.945797 -0.371511 0.068362
-0.925447 -0.366308 0.146063
-0.909101 -0.362004 0.187988
-0.910560 -0.351566 0.234130
-0.911763 -0.336404 -0.616310
-0.934498 -0.314710 -0.566689
-0.936295 -0.310380 -0.535743
-0.925998 -0.306149 -0.469127
-0.908476 -0.305178 -0.428334
-0.929898 -0.303268 -0.350115
-0.915539 -0.303397 -0.331399
-0.910907 -0.303084 -0.259676
-0.904670 -0.303149 -0.229510
-0.945835 -0.302321 -0.169213
-0.913070 -0.303338 -0.103446
-0.922095 -0.303563 -0.067050
-0.928842 -0.303974 -0.033825
-0.948096 -0.304857 0.015149
-0.942321 -0.307397 0.075167
-0.933725 -0.310893 0.126026
-0.926037 -0.314829 0.165105
-0.909001 -0.324100 0.222071
-0.907279 -0.338301 0.252786
-0.900491 0.655786 -2.908484
-0.901499 0.657157 -2.895938
-0.900692 0.651354 -2.840439
-0.899152 -0.361396 -0.605136
-0.870732 -0.370557 -0.566502
-0.856238 -0.373332 -0.543480
-0.891339 -0.374147 -0.491265
-0.875504 -0.376646 -0.429582
-0.880703 -0.377104 -0.388773
-0.856944 -0.379301 -0.319501
-0.879392 -0.378364 -0.292531
-0.867590 -0.379815 -0.207932
-0.875481 -0.379716 -0.162462
-0.875466 -0.379805 -0.145593
-0.877201 -0.379699 -0.069845
-0.891166 -0.378348 -0.021802
-0.883624 -0.378035 0.012527
-0.869475 -0.376670 0.070076
-0.883211 -0.373029 0.110680
-0.873261 -0.367381 0.173406
-0.891805 -0.361028 0.203508
-0.857408 -0.351605 0.256543
-0.850413 -0.328514 -0.602275
-0.877906 -0.314110 -0.551465
-0.895351 -0.309242 -0.509923
-0.896616 -0.306752 -0.465779
-0.856926 -0.305905 -0.408306
-0.862711 -0.305093 -0.373195
-0.859174 -0.304638 -0.330199
-0.885071 -0.303712 -0.279240
-0.865623 -0.303962 -0.217624
-0.891910 -0.303399 -0.187297
-0.861369 -0.304335 -0.106623
-0.864521 -0.304812 -0.054752
-0.855295 -0.305309 -0.033383
-0.861063 -0.307117 0.044815
-0.860872 -0.307595 0.057943
-0.874243 -0.312782 0.146531
-0.867511 -0.316866 0.185356
-0.880374 -0.320314 0.207641
-0.864852 -0.332677 0.257365
-0.850822 0.648440 -2.911032
-0.879486 0.646901 -2.873004
-0.895859 0.647689 -2.840707
-0.870704 0.645342 -2.780914
-0.855149 0.646527 -2.722849
-0.851271 0.649689 -2.691170
-0.878200 0.662063 -2.951174
-0.894320 0.657461 -2.939371
-0.896921 0.666688 -2.875132
-0.852374 0.669091 -2.831851
-0.891175 0.658028 -2.775135
-0.874148 0.657413 -2.716447
-0.856475 0.663693 -2.691734
-0.803700 -0.359096 -0.612941
-0.807680 -0.375032 -0.552389
-0.836873 -0.376009 -0.514595
-0.817301 -0.377935 -0.492699
-0.813854 -0.379543 -0.446006
-0.807725 -0.380968 -0.392132
-0.807520 -0.381673 -0.344629
-0.823231 -0.381737 -0.261356
-0.817862 -0.382518 -0.210048
-0.821989 -0.382479 -0.188461
-0.841892 -0.381756 -0.125199
-0.818183 -0.383123 -0.091978
-0.815381 -0.383005 -0.036222
-0.805749 -0.382867 0.009484
-0.803444 -0.379843 0.093661
-0.806047 -0.378455 0.112914
-0.818834 -0.370645 0.184481
-0.816812 -0.368301 0.203020
-0.834105 -0.353714 0.260816
-0.840834 -0.335857 -0.612343
-0.805072 -0.320222 -0.572639
-0.813109 -0.311605 -0.511010
-0.815957 -0.309251 -0.475248
-0.849072 -0.307143 -0.444866
-0.810477 -0.306351 -0.375224
-0.847422 -0.304977 -0.337438
-0.814600 -0.305185 -0.260182
-0.820778 -0.304938 -0.217772
-0.812243 -0.305115 -0.169742
-0.820528 -0.305077 -0.123810
-0.849651 -0.305066 -0.057067
-0.838906 -0.306161 -0.003919
-0.846082 -0.306410 0.012373
-0.828782 -0.309483 0.092261
-0.822894 -0.311779 0.130690
-0.834472 -0.316014 0.179850
-0.816806 -0.324260 0.237710
-0.849342 -0.328839 0.250550
-0.838002 0.649711 -2.924201
-0.815258 0.645519 -2.859754
-0.848062 0.645192 -2.840433
-0.818296 0.644066 -2.775862
-0.812668 0.644558 -2.724890
-0.833915 0.648559 -2.683258
-0.842941 0.654699 -2.950492
-0.835731 0.666201 -2.929341
-0.834994 0.668092 -2.899610
-0.804260 0.669337 -2.813057
-0.835894 0.669128 -2.778327
-0.802392 0.668506 -2.704652
-0.828367 0.667064 -2.691841
-0.803004 0.653931 -2.645854
-0.795767 -0.360194 -0.612323
-0.782542 -0.374868 -0.566184
-0.788611 -0.378491 -0.514204
-0.784559 -0.380638 -0.462637
-0.763494 -0.382716 -0.423440
-0.765581 -0.383589 -0.368601
-0.761960 -0.384162 -0.341058
-0.785592 -0.383759 -0.263314
-0.768047 -0.385264 -0.205185
-0.767810 -0.385706 -0.151304
-0.776114 -0.385310 -0.142127
-0.750615 -0.386884 -0.092977
-0.750073 -0.386490 -0.010371
-0.755892 -0.385524 0.024859
-0.778961 -0.382917 0.063332
-0.795545 -0.378341 0.124810
-0.795799 -0.375034 0.162477
-0.785531 -0.368693 0.219472
-0.750885 -0.365928 0.254250
-0.781272 -0.345060 -0.616644
-0.754523 -0.327722 -0.592926
-0.767529 -0.315451 -0.536969
-0.791449 -0.309243 -0.461630
-0.750311 -0.309390 -0.438247
-0.780542 -0.306901 -0.365627
-0.780448 -0.306668 -0.349092
-0.753398 -0.306602 -0.264427
-0.767536 -0.306141 -0.222151
-0.784539 -0.305716 -0.181308
-0.795617 -0.305616 -0.122941
-0.761876 -0.306618 -0.081192
-0.754264 -0.307255 -0.036855
-0.769597 -0.307657 0.005766
-0.758644 -0.309924 0.079474
-0.776516 -0.313345 0.148377
-0.789247 -0.316393 0.184495
-0.761517 -0.318210 0.202225
-0.770677 -0.340375 0.293549
-0.753231 -0.343696 0.301088
-0.770201 0.648598 -2.906026
-0.796895 0.645544 -2.861525
-0.759617 0.644720 -2.841366
-0.784088 0.643713 -2.787822
-0.785406 0.644198 -2.711936
-0.782397 0.644871 -2.691317
-0.762361 0.647142 -2.649012
-0.789525 0.662411 -2.941367
-0.783596 0.669087 -2.852940
-0.759524 0.669309 -2.829707
-0.783737 0.669326 -2.767401
-0.778449 0.669014 -2.715370
-0.784561 0.666295 -2.659510
-0.753050 0.664879 -2.633929
-0.723673 -0.361089 -0.614174
-0.706517 -0.379922 -0.553937
-0.721114 -0.379700 -0.548450
-0.710589 -0.383540 -0.490122
-0.709249 -0.385255 -0.436353
-0.736145 -0.384965 -0.380114
-0.722187 -0.386475 -0.325460
-0.710824 -0.387489 -0.289285
-0.734456 -0.386888 -0.224201
-0.739572 -0.387179 -0.159307
-0.720556 -0.388432 -0.121191
-0.726385 -0.388216 -0.074246
-0.746335 -0.386852 -0.024032
-0.731870 -0.386936 0.025125
-0.710389 -0.387251 0.061641
-0.723800 -0.384766 0.101353
-0.711664 -0.380705 0.171046
-0.715690 -0.373975 0.227006
-0.747532 -0.355618 0.292194
-0.702382 -0.354565 0.312209
-0.705012 -0.340519 -0.612523
-0.748316 -0.318391 -0.554043
-0.739933 -0.313593 -0.510837
-0.741647 -0.310044 -0.450120
-0.707070 -0.310779 -0.446282
-0.713822 -0.309084 -0.394573
-0.723966 -0.307769 -0.327601
-0.745690 -0.306754 -0.257620
-0.709378 -0.307533 -0.238345
-0.742190 -0.306684 -0.177877
-0.721698 -0.307264 -0.121940
-0.743667 -0.307233 -0.057488
-0.728816 -0.307772 -0.037919
-0.711427 -0.309696 0.046443
-0.719373 -0.311302 0.099161
-0.702280 -0.313696 0.143384
-0.725018 -0.317636 0.197273
-0.724318 -0.319569 0.215590
-0.721533 -0.331774 0.285893
-0.705094 -0.341216 0.312623
-0.713438 0.649661 -2.906151
-0.717762 0.645105 -2.850806
-0.728558 0.644969 -2.848186
-0.708878 0.643217 -2.793894
-0.730298 0.643189 -2.701735
-0.729055 0.645053 -2.651854
-0.745468 0.646493 -2.644794
-0.714258 0.650694 -2.912660
-0.744733 0.668739 -2.863150
-0.747900 0.669312 -2.828134
-0.736889 0.669471 -2.783761
-0.714736 0.669398 -2.725172
-0.735643 0.668757 -2.679645
-0.736581 0.659949 -2.610328
-0.706012 0.661593 -2.597827
-0.684218 -0.360060 -0.616393
-0.650674 -0.378502 -0.585238
-0.663238 -0.383665 -0.534682
-0.690956 -0.384736 -0.484994
-0.676599 -0.387002 -0.433867
-0.689690 -0.387211 -0.391153
-0.695336 -0.387905 -0.324174
-0.658999 -0.390148 -0.295284
-0.654397 -0.390870 -0.249221
-0.676071 -0.390236 -0.197278
-0.672245 -0.391004 -0.124246
-0.689489 -0.390208 -0.054864
-0.661088 -0.391732 -0.045446
-0.694192 -0.388779 0.042028
-0.660966 -0.389950 0.071338
-0.656448 -0.386581 0.147096
-0.655805 -0.383975 0.181502
-0.657573 -0.378542 0.230964
-0.651277 -0.367435 0.298417
-0.664034 -0.357377 0.322310
-0.651979 -0.337006 -0.606729
-0.664722 -0.322546 -0.564401
-0.679576 -0.318101 -0.538585
-0.667059 -0.312680 -0.466618
-0.680376 -0.310794 -0.427441
-0.670938 -0.309940 -0.385589
-0.681847 -0.308602 -0.310944
-0.675363 -0.308544 -0.284611
-0.659616 -0.308632 -0.225503
-0.665400 -0.308434 -0.163589
-0.697221 -0.307886 -0.105079
-0.666414 -0.308920 -0.054045
-0.671549 -0.309064 -0.030684
-0.681196 -0.309801 0.025929
-0.685257 -0.311351 0.085808
-0.661448 -0.314384 0.147114
-0.653131 -0.316877 0.184825
-0.690776 -0.319982 0.220338
-0.695693 -0.333041 0.295413
-0.660443 -0.346762 0.330620
-0.694974 0.649468 -2.901806
-0.667687 0.646265 -2.866337
-0.658366 0.643925 -2.823335
-0.669711 0.642606 -2.775334
-0.670833 0.642156 -2.735481
-0.695733 0.642843 -2.682161
-0.678849 0.645815 -2.611711
-0.659488 0.648807 -2.580996
-0.685741 0.665308 -2.904673
-0.699126 0.668160 -2.870386
-0.661875 0.669433 -2.805146
-0.679273 0.669568 -2.774816
-0.658955 0.669561 -2.729237
-0.656052 0.669374 -2.680423
-0.680902 0.668350 -2.639941
-0.670523 0.665510 -2.597052
-0.614069 -0.364949 -0.617210
-0.644101 -0.379410 -0.582293
-0.614419 -0.387319 -0.514260
-0.637715 -0.387684 -0.478581
-0.629066 -0.389053 -0.448612
-0.621377 -0.391069 -0.371807
-0.645797 -0.390721 -0.305065
-0.633662 -0.391424 -0.298896
-0.608060 -0.393645 -0.213129
-0.635074 -0.392457 -0.189878
-0.640926 -0.392517 -0.146216
-0.639124 -0.392941 -0.079502
-0.632163 -0.393312 -0.044610
-0.645220 -0.391944 0.026660
-0.636850 -0.391060 0.082441
-0.641276 -0.388975 0.124562
-0.631219 -0.386716 0.170074
-0.625024 -0.382341 0.222102
-0.615606 -0.376994 0.268679
-0.623188 -0.359990 0.333722
-0.607295 -0.341613 -0.612582
-0.608502 -0.325112 -0.570548
-0.627059 -0.317849 -0.525141
-0.600355 -0.313881 -0.459738
-0.602284 -0.312171 -0.413715
-0.601956 -0.311752 -0.397491
-0.648089 -0.309435 -0.317528
-0.620276 -0.309681 -0.273664
-0.600276 -0.309873 -0.226204
-0.624259 -0.309321 -0.160481
-0.625647 -0.309341 -0.130211
-0.614332 -0.309771 -0.082755
-0.602321 -0.310577 -0.020186
-0.609031 -0.311156 0.025211
-0.642813 -0.311504 0.066979
-0.624715 -0.313317 0.113067
-0.603580 -0.315639 0.157455
-0.608606 -0.319266 0.211725
-0.620263 -0.330167 0.296100
-0.641441 -0.345205 0.334955
-0.606060 0.646840 -2.865778
-0.617729 0.643061 -2.801594
-0.620708 0.641870 -2.752301
-0.632421 0.641769 -2.736316
-0.634085 0.642119 -2.653005
-0.603522 0.642962 -2.603670
-0.641162 0.648743 -2.571133
-0.600911 0.648533 -2.549868
-0.634865 0.653481 -2.909061
-0.632625 0.666257 -2.884329
-0.647171 0.669218 -2.820098
-0.623663 0.669631 -2.772356
-0.623171 0.669658 -2.734403
-0.630977 0.669518 -2.688271
-0.621364 0.668048 -2.604176
-0.628225 0.664448 -2.569413
-0.604365 0.658697 -2.540235
-0.583330 -0.701512 -0.193460
-0.595951 -0.711041 -0.129748
-0.557602 -0.730113 -0.071839
-0.589668 -0.704520 -0.046594
-0.581219 -0.676428 -0.203872
-0.591710 -0.695336 -0.194290
-0.595609 -0.699776 -0.101856
-0.585226 -0.669297 -0.088289
-0.594906 -0.672907 -0.044120
-0.554720 -0.626041 -0.201197
-0.593023 -0.627813 -0.197253
-0.583535 -0.637128 -0.143618
-0.594834 -0.621120 -0.098072
-0.581502 -0.636939 -0.032705
-0.560153 -0.574491 -0.151994
-0.573968 -0.568143 -0.111535
-0.557792 -0.573378 -0.087892
-0.593154 -0.358368 -0.620968
-0.579092 -0.383168 -0.579507
-0.583609 -0.388408 -0.522708
-0.588172 -0.389344 -0.499408
-0.589589 -0.391176 -0.444051
-0.580834 -0.392888 -0.386405
-0.573541 -0.394484 -0.302934
-0.580967 -0.394392 -0.277592
-0.592732 -0.394541 -0.203376
-0.579769 -0.395652 -0.156932
-0.583839 -0.395719 -0.119650
-0.584303 -0.395914 -0.069422
-0.560839 -0.397213 -0.046956
-0.550820 -0.397590 0.004959
-0.586233 -0.394841 0.055119
-0.562359 -0.393672 0.134763
-0.586354 -0.387933 0.195941
-0.597448 -0.383206 0.234549
-0.550931 -0.384374 0.258122
-0.561818 -0.366573 0.343693
-0.583787 -0.354832 0.355080
-0.575030 -0.335087 -0.601107
-0.594272 -0.328758 -0.584169
-0.598204 -0.316710 -0.505455
-0.588784 -0.316057 -0.493919
-0.561606 -0.313740 -0.438449
-0.592849 -0.311798 -0.392206
-0.587785 -0.310670 -0.316272
-0.578188 -0.310643 -0.294738
-0.561945 -0.310619 -0.244174
-0.564268 -0.310444 -0.172536
-0.586807 -0.310120 -0.122812
-0.589843 -0.310191 -0.091567
-0.595848 -0.310600 -0.028776
-0.572021 -0.311459 0.004173
-0.571965 -0.313004 0.078284
-0.595689 -0.313903 0.117014
-0.589837 -0.316762 0.174582
-0.584838 -0.320810 0.228189
-0.590187 -0.325987 0.273949
-0.591278 -0.337671 0.331467
-0.580301 -0.346104 0.352812
-0.552201 -0.157414 -0.764060
-0.550651 -0.161954 -0.744405
-0.555822 -0.161530 -0.691220
-0.560186 -0.160641 -0.605655
-0.566586 -0.151468 -0.580733
-0.552425 -0.170816 -0.548989
-0.562770 -0.152240 -0.469878
-0.559841 -0.152843 -0.442543
-0.553650 -0.151655 -0.393616
-0.550720 -0.105934 -0.960332
-0.554511 -0.111276 -0.924811
-0.561740 -0.118376 -0.857766
-0.564407 -0.122704 -0.821476
-0.563681 -0.135224 -0.781723
-0.579951 -0.104553 -0.725638
-0.573160 -0.134498 -0.665851
-0.584490 -0.111062 -0.614638
-0.585844 -0.107255 -0.598687
-0.586800 -0.104040 -0.521455
-0.578848 -0.122311 -0.472547
-0.575614 -0.115798 -0.411275
-0.558899 -0.143778 -0.392673
-0.556498 -0.121251 -0.332576
-0.550353 -0.054365 -1.001245
-0.553026 -0.060258 -0.986079
-0.560867 -0.067948 -0.935404
-0.567971 -0.096315 -0.859419
-0.573041 -0.067681 -0.845183
-0.580865 -0.080365 -0.768075
-0.585626 -0.065711 -0.720377
-0.589406 -0.076788 -0.650875
-0.587604 -0.099251 -0.614747
-0.592189 -0.067232 -0.587713
-0.592737 -0.065294 -0.535047
-0.587925 -0.096974 -0.493780
-0.584930 -0.068657 -0.404504
-0.574869 -0.087228 -0.357895
-0.551789 -0.082146 -0.300636
-0.552237 -0.055654 -0.298053
-0.553017 -0.034028 -0.965411
-0.552863 -0.013728 -0.928297
-0.570137 -0.044580 -0.859941
-0.566295 -0.011137 -0.826395
-0.568818 -0.003046 -0.781891
-0.585321 -0.037715 -0.702675
-0.587460 -0.034576 -0.659220
-0.581123 -0.000787 -0.611020
-0.589657 -0.026239 -0.552118
-0.584972 -0.009641 -0.502602
-0.583869 -0.006265 -0.497252
-0.588998 -0.047549 -0.444883
-0.575412 -0.022535 -0.367202
-0.554305 -0.015380 -0.310230
-0.552293 -0.047035 -0.298848
-0.550402 0.000056 -0.905613
-0.552057 0.011688 -0.856192
-0.557318 0.005538 -0.841531
-0.550023 0.034195 -0.763398
-0.551101 0.039938 -0.713237
-0.550947 0.044971 -0.672030
-0.555309 0.044070 -0.622730
-0.562737 0.036910 -0.565242
-0.561899 0.037906 -0.502307
-0.580481 0.002337 -0.483334
-0.567648 0.017578 -0.414009
-0.569617 0.009554 -0.398133
-0.562681 0.002654 -0.349024
-0.550332 0.050445 -0.617727
-0.550046 0.053248 -0.555606
-0.550089 0.053412 -0.540141
-0.550476 0.051175 -0.477850
-0.589981 0.646238 -2.856952
-0.566592 0.644075 -2.823648
-0.597337 0.642607 -2.789546
-0.590376 0.641278 -2.726893
-0.571656 0.640849 -2.695297
-0.592162 0.641688 -2.630395
-0.593189 0.643105 -2.593631
-0.563847 0.648114 -2.531200
-0.599703 0.661660 -2.902441
-0.553981 0.659192 -2.897230
-0.580558 0.669004 -2.817478
-0.596637 0.669479 -2.792434
-0.568558 0.669766 -2.733819
-0.568813 0.669662 -2.675104
-0.598740 0.669319 -2.642186
-0.568638 0.666525 -2.556006
-0.572833 0.662236 -2.531967
-0.542924 -0.722037 -0.174795
-0.547920 -0.742348 -0.104312
-0.544871 -0.729464 -0.071390
-0.543707 -0.703980 -0.045817
-0.545296 -0.686103 -0.200659
-0.536246 -0.689033 -0.157112
-0.536198 -0.653200 -0.109759
-0.536198 -0.685678 -0.091344
-0.537937 -0.682557 -0.044301
-0.547281 -0.630386 -0.202564
-0.536262 -0.623464 -0.160120
-0.509705 -0.601051 -0.131243
-0.536198 -0.642297 -0.079788
-0.542844 -0.631582 -0.034962
-0.541301 -0.579433 -0.158351
-0.513912 -0.596700 -0.130505
-0.544367 -0.583869 -0.068631
-0.501187 -0.539285 -0.138079
-0.512563 -0.510879 -0.097747
-0.519575 -0.498463 -0.136863
-0.503053 -0.499400 -0.098395
-0.529105 -0.434522 -0.126359
-0.502477 -0.435829 -0.098566
-0.501588 -0.400524 -0.030422
-0.500241 -0.400319 0.029551
-0.516677 -0.377744 -0.611366
-0.523783 -0.383726 -0.591937
-0.513857 -0.391882 -0.522037
-0.526275 -0.393258 -0.478332
-0.542906 -0.393758 -0.435039
-0.503526 -0.396582 -0.397159
-0.512427 -0.397556 -0.308531
-0.518226 -0.397859 -0.257929
-0.546204 -0.396638 -0.236067
-0.522577 -0.398715 -0.152823
-0.507906 -0.372486 -0.139489
-0.532642 -0.398669 -0.083538
-0.525010 -0.399161 -0.014270
-0.509865 -0.399563 0.044951
-0.528326 -0.397426 0.094163
-0.535012 -0.394977 0.145853
-0.517549 -0.395817 0.153155
-0.549640 -0.387603 0.230431
-0.506745 -0.386177 0.275304
-0.538602 -0.375226 0.322473
-0.520555 -0.366498 0.362024
-0.539111 -0.337276 -0.605075
-0.540305 -0.334372 -0.598649
-0.521829 -0.320486 -0.531268
-0.533153 -0.315218 -0.463050
-0.526241 -0.313515 -0.416168
-0.509794 -0.312341 -0.357275
-0.549291 -0.311422 -0.326028
-0.515749 -0.311403 -0.278069
-0.518608 -0.311222 -0.249026
-0.507233 -0.311193 -0.175447
-0.540945 -0.310837 -0.137110
-0.506344 -0.311607 -0.066560
-0.541118 -0.311491 -0.030581
-0.501508 -0.312852 0.028261
-0.527902 -0.313885 0.087104
-0.545081 -0.315275 0.133919
-0.549832 -0.318564 0.197324
-0.518385 -0.319853 0.212337
-0.504240 -0.326905 0.285683
-0.520851 -0.331026 0.312771
-0.533495 -0.340387 0.351265
-0.501800 -0.201044 -0.768390
-0.508852 -0.200049 -0.731128
-0.505146 -0.204552 -0.698763
-0.511565 -0.203539 -0.636604
-0.501214 -0.209160 -0.554084
-0.503035 -0.207151 -0.523682
-0.500715 -0.203767 -0.458816
-0.500510 -0.200683 -0.429110
-0.502707 -0.150153 -1.067756
-0.503044 -0.160908 -1.019263
-0.519922 -0.153661 -0.979764
-0.516755 -0.170978 -0.910138
-0.505467 -0.184830 -0.878173
-0.543010 -0.157374 -0.834224
-0.540613 -0.171062 -0.769794
-0.548338 -0.166187 -0.733161
-0.519822 -0.197517 -0.660949
-0.544655 -0.178972 -0.608050
-0.521986 -0.197672 -0.560601
-0.546451 -0.176223 -0.525037
-0.543139 -0.178101 -0.495797
-0.517994 -0.192724 -0.440959
-0.521197 -0.180035 -0.379495
-0.501593 -0.157715 -0.300685
-0.506066 -0.152326 -0.298405
-0.503251 -0.103155 -1.201953
-0.503839 -0.113136 -1.182384
-0.504562 -0.133423 -1.124252
-0.533167 -0.111435 -1.050716
-0.527810 -0.130725 -1.027285
-0.547204 -0.108070 -0.977556
-0.541190 -0.145360 -0.900886
-0.540351 -0.147819 -0.895652
-0.549463 -0.147871 -0.836233
-0.506744 -0.124355 -0.378046
-0.524821 -0.102011 -0.301530
-0.514104 -0.130495 -0.283927
-0.507998 -0.053331 -1.210800
-0.512725 -0.065635 -1.199658
-0.532749 -0.079004 -1.100963
-0.535288 -0.062298 -1.092143
-0.547785 -0.087019 -1.007460
-0.548979 -0.090701 -0.995489
-0.514753 -0.068109 -0.378540
-0.509030 -0.079630 -0.308115
-0.534191 -0.075379 -0.296487
-0.501046 -0.038905 -1.218551
-0.515512 -0.026264 -1.157507
-0.519530 -0.008923 -1.100410
-0.538594 -0.039632 -1.059013
-0.541162 -0.025442 -1.023611
-0.540861 -0.006139 -0.980940
-0.549217 -0.004061 -0.925696
-0.523932 -0.016503 -0.357374
-0.545307 -0.005553 -0.303776
-0.534990 -0.038508 -0.287885
-0.502248 0.003576 -1.137982
-0.513469 0.004021 -1.089765
-0.502567 0.034056 -1.013315
-0.502068 0.038272 -0.994039
-0.519149 0.034500 -0.942329
-0.521526 0.040822 -0.898545
-0.536919 0.042008 -0.808039
-0.542081 0.040915 -0.781628
-0.547903 0.039053 -0.747919
-0.549516 0.048009 -0.656036
-0.549838 0.049481 -0.635102
-0.548052 0.045624 -0.411299
-0.548922 0.042204 -0.397824
-0.523936 0.045955 -0.329830
-0.502843 0.016901 -0.288643
-0.502640 0.054268 -0.905001
-0.517597 0.050643 -0.864313
-0.515918 0.061484 -0.801464
-0.536132 0.051572 -0.751077
-0.509341 0.075074 -0.722674
-0.545290 0.050665 -0.680066
-0.541897 0.059534 -0.612245
-0.516690 0.080288 -0.570824
-0.515894 0.081479 -0.546890
-0.545191 0.057786 -0.499156
-0.522827 0.070611 -0.425120
-0.510868 0.068770 -0.371447
-0.508226 0.060777 -0.337675
-0.533522 0.649273 -2.873217
-0.518376 0.645170 -2.835705
-0.523853 0.641600 -2.763954
-0.541505 0.640784 -2.720847
-0.518365 0.640126 -2.657505
-0.532493 0.640956 -2.603703
-0.547200 0.642122 -2.580879
-0.518553 0.647965 -2.506942
-0.502698 0.648532 -2.495958
-0.540956 0.664747 -2.875893
-0.533781 0.668858 -2.813079
-0.549561 0.669466 -2.785997
-0.545038 0.669796 -2.737628
-0.524614 0.669752 -2.663599
-0.541538 0.669625 -2.644472
-0.527830 0.667884 -2.555905
-0.538360 0.663540 -2.519929
-0.516577 0.659030 -2.495376
-0.473006 -0.717494 -0.173612
-0.474693 -0.727927 -0.117609
-0.470808 -0.736555 -0.085704
-0.460220 -0.707592 -0.046365
-0.451058 -0.655863 -0.206331
-0.475318 -0.651987 -0.171860
-0.491430 -0.675727 -0.113405
-0.475393 -0.660131 -0.098430
-0.463494 -0.674983 -0.032458
-0.457320 -0.626022 -0.200520
-0.475323 -0.632580 -0.165476
-0.475229 -0.601628 -0.135419
-0.475327 -0.624927 -0.076936
-0.469907 -0.641800 -0.033634
-0.451229 -0.579755 -0.159416
-0.473700 -0.582894 -0.143423
-0.455214 -0.582174 -0.073294
-0.491168 -0.528897 -0.130016
-0.499483 -0.504867 -0.099787
-0.491749 -0.473505 -0.106242
-0.499544 -0.476386 -0.099755
-0.460650 -0.400235 -0.307037
-0.466606 -0.400562 -0.257058
-0.460313 -0.401522 -0.202442
-0.457226 -0.401913 -0.182776
-0.454193 -0.402535 -0.140537
-0.460205 -0.402832 -0.057552
-0.488205 -0.401255 -0.005985
-0.492693 -0.400732 0.033196
-0.465371 -0.401666 0.085214
-0.458879 -0.401641 0.104638
-0.454582 -0.400241 0.153672
-0.492500 -0.381801 -0.605174
-0.498985 -0.383974 -0.596435
-0.473342 -0.393175 -0.532431
-0.462042 -0.396856 -0.464733
-0.452574 -0.398387 -0.428031
-0.496891 -0.397198 -0.382370
-0.473938 -0.399570 -0.305678
-0.495141 -0.399146 -0.250418
-0.481668 -0.399952 -0.241430
-0.492050 -0.399936 -0.192800
-0.498525 -0.383358 -0.100289
-0.499829 -0.374984 -0.099606
-0.497155 -0.399365 0.095300
-0.485383 -0.399117 0.128150
-0.484280 -0.397068 0.173562
-0.478523 -0.395544 0.203813
-0.455771 -0.388224 0.296369
-0.456388 -0.380762 0.341469
-0.493365 -0.357027 0.384236
-0.477325 -0.341711 -0.613250
-0.498751 -0.325179 -0.562456
-0.496463 -0.318009 -0.502480
-0.472493 -0.315239 -0.452962
-0.474640 -0.314306 -0.429131
-0.483723 -0.312601 -0.363019
-0.457657 -0.312237 -0.340111
-0.463558 -0.311549 -0.261342
-0.471206 -0.311500 -0.246007
-0.459694 -0.311430 -0.159099
-0.485705 -0.311436 -0.128930
-0.478766 -0.311622 -0.095037
-0.475402 -0.312012 -0.047150
-0.463391 -0.312707 0.003367
-0.463928 -0.314874 0.099414
-0.459732 -0.315861 0.127442
-0.486461 -0.319108 0.198261
-0.456144 -0.321600 0.231804
-0.461805 -0.328123 0.296921
-0.454805 -0.330392 0.313751
-0.471650 -0.338301 0.354299
-0.453753 -0.200706 -0.900114
-0.453801 -0.203796 -0.876593
-0.450824 -0.211706 -0.807861
-0.496765 -0.204088 -0.760487
-0.466162 -0.217819 -0.700508
-0.489507 -0.212995 -0.658999
-0.490433 -0.213425 -0.633313
-0.477576 -0.217714 -0.593793
-0.484330 -0.214228 -0.523109
-0.492466 -0.210224 -0.496958
-0.454456 -0.212290 -0.430443
-0.487717 -0.200464 -0.394665
-0.459400 -0.153859 -1.166684
-0.454095 -0.163004 -1.131011
-0.485975 -0.165143 -1.055028
-0.481973 -0.172643 -1.027322
-0.478102 -0.184599 -0.968269
-0.478432 -0.190595 -0.930135
-0.498854 -0.188077 -0.882803
-0.498364 -0.197017 -0.818397
-0.499360 -0.197207 -0.403198
-0.481069 -0.194931 -0.358640
-0.491422 -0.173090 -0.311893
-0.459917 -0.159599 -0.283736
-0.459140 -0.122796 -1.219359
-0.498924 -0.128161 -1.162024
-0.482672 -0.149307 -1.138122
-0.498042 -0.147178 -1.097525
-0.460811 -0.140123 -0.377660
-0.484929 -0.141432 -0.323283
-0.493598 -0.146960 -0.283651
-0.463508 -0.064222 -1.208955
-0.465661 -0.091181 -0.377739
-0.459566 -0.055236 -0.301213
-0.454090 -0.056235 -0.290570
-0.459050 -0.028554 -1.208882
-0.495470 -0.002185 -1.178858
-0.451474 -0.038319 -0.377508
-0.497864 -0.035858 -0.308130
-0.451344 0.012289 -1.216197
-0.482926 0.004060 -1.195529
-0.497015 0.013275 -1.122684
-0.497917 0.029152 -1.052404
-0.494745 0.041423 -1.004024
-0.495878 0.045127 -0.980293
-0.499474 0.015049 -0.374785
-0.493368 0.020644 -0.319273
-0.492297 0.041587 -0.294389
-0.457221 0.051486 -1.033794
-0.492695 0.050772 -0.959837
-0.451249 0.069153 -0.927956
-0.488912 0.067120 -0.870617
-0.468132 0.078583 -0.836798
-0.454301 0.089817 -0.756819
-0.491951 0.080982 -0.749409
-0.491910 0.087160 -0.681194
-0.463990 0.096626 -0.647580
-0.476280 0.097125 -0.564692
-0.462366 0.099950 -0.537526
-0.494141 0.091074 -0.488754
-0.457269 0.095696 -0.434290
-0.483565 0.084978 -0.391553
-0.468764 0.075352 -0.336355
-0.465940 0.054641 -0.299398
-0.450063 0.100957 -0.555329
-0.455767 0.100305 -0.520943
-0.462033 0.647835 -2.852148
-0.483621 0.646834 -2.848062
-0.450766 0.642859 -2.794759
-0.471463 0.640119 -2.712169
-0.476654 0.639773 -2.682955
-0.467037 0.639466 -2.631919
-0.456552 0.640092 -2.566912
-0.485756 0.645286 -2.503200
-0.473017 0.645119 -2.497092
-0.459120 0.663131 -2.866511
-0.490935 0.667311 -2.838770
-0.464399 0.669237 -2.783123
-0.489062 0.669861 -2.730798
-0.498823 0.669872 -2.690076
-0.461034 0.669843 -2.633662
-0.485745 0.668726 -2.556404
-0.471623 0.666181 -2.505186
-0.461051 0.665525 -2.493979
-0.435554 -0.727830 -0.171114
-0.448377 -0.744933 -0.126786
-0.423750 -0.739258 -0.087415
-0.445891 -0.705880 -0.045204
-0.437805 -0.686722 -0.201338
-0.428056 -0.657700 -0.151506
-0.426314 -0.686073 -0.135273
-0.415928 -0.661077 -0.050074
-0.434271 -0.650694 -0.030932
-0.433553 -0.639289 -0.204439
-0.415751 -0.618336 -0.170571
-0.428056 -0.627547 -0.106220
-0.421517 -0.638295 -0.091487
-0.417619 -0.633556 -0.041137
-0.426845 -0.583679 -0.166052
-0.415633 -0.597580 -0.116538
-0.446715 -0.599801 -0.052265
-0.423107 -0.400247 -0.411073
-0.445545 -0.400191 -0.359181
-0.431736 -0.401109 -0.346501
-0.422299 -0.402900 -0.256923
-0.434879 -0.402325 -0.249612
-0.430335 -0.403687 -0.156775
-0.434116 -0.403559 -0.149002
-0.400956 -0.406108 -0.088612
-0.410517 -0.405913 -0.032844
-0.419274 -0.405358 0.025121
-0.400417 -0.406187 0.077579
-0.428654 -0.403787 0.100764
-0.416324 -0.401311 0.190953
-0.417315 -0.400687 0.200025
-0.411184 -0.385646 -0.607131
-0.435162 -0.392665 -0.560623
-0.445997 -0.394034 -0.538847
-0.444398 -0.397657 -0.466137
-0.423792 -0.399768 -0.428696
-0.449595 -0.399404 -0.390222
-0.429219 -0.399787 0.198879
-0.443700 -0.394836 0.247396
-0.415023 -0.392867 0.291492
-0.443957 -0.383021 0.337194
-0.428533 -0.367793 0.396952
-0.414155 -0.367373 0.402948
-0.406236 -0.339716 -0.612010
-0.423283 -0.329767 -0.584240
-0.409646 -0.318080 -0.508176
-0.421482 -0.315710 -0.470156
-0.439617 -0.313380 -0.404049
-0.400793 -0.311693 -0.360245
-0.421406 -0.311497 -0.308515
-0.412481 -0.310994 -0.257601
-0.410013 -0.310855 -0.221643
-0.436655 -0.311289 -0.182322
-0.403143 -0.311074 -0.101130
-0.425319 -0.311563 -0.088119
-0.449696 -0.312278 -0.029726
-0.429594 -0.313392 0.040536
-0.428423 -0.314610 0.088460
-0.414656 -0.314918 0.100910
-0.416193 -0.318341 0.181107
-0.400012 -0.322512 0.243234
-0.432308 -0.328165 0.298220
-0.428895 -0.329767 0.310583
-0.426918 -0.347191 0.389617
-0.432098 -0.200257 -0.909315
-0.445714 -0.205941 -0.865621
-0.407905 -0.207403 -0.812143
-0.428160 -0.215230 -0.769770
-0.420252 -0.217675 -0.708976
-0.434672 -0.220043 -0.696011
-0.411928 -0.217834 -0.649640
-0.434552 -0.220927 -0.551442
-0.419239 -0.218812 -0.545395
-0.424279 -0.213812 -0.460002
-0.435487 -0.210207 -0.418290
-0.446519 -0.206700 -0.391630
-0.449786 -0.151118 -1.187324
-0.424647 -0.169183 -1.104343
-0.430885 -0.178369 -1.054671
-0.446460 -0.184685 -1.015391
-0.419473 -0.191368 -0.963087
-0.400504 -0.191484 -0.927621
-0.408057 -0.198871 -0.888938
-0.418299 -0.199255 -0.372943
-0.405438 -0.168772 -0.305887
-0.402169 -0.154250 -0.291606
-0.429764 -0.115708 -1.208405
-0.405794 -0.144217 -1.197454
-0.424311 -0.138300 -0.377066
-0.435896 -0.149077 -0.318561
-0.415283 -0.143863 -0.296178
-0.432256 -0.076733 -1.208446
-0.406384 -0.082422 -0.376774
-0.435140 -0.093983 -0.313989
-0.448498 -0.057463 -0.287430
-0.426166 -0.022809 -1.208346
-0.407579 -0.019207 -0.376793
-0.412144 -0.046410 -0.307447
-0.446683 -0.048294 -0.295680
-0.443054 0.013300 -1.216820
-0.401580 0.021283 -1.169941
-0.405633 0.035932 -1.105602
-0.409359 0.041392 -1.082523
-0.400033 0.044170 -1.047214
-0.406895 0.021545 -0.353617
-0.401768 0.018127 -0.337231
-0.436205 0.039451 -0.281466
-0.436772 0.056311 -1.017331
-0.405683 0.057462 -0.977533
-0.406861 0.063565 -0.940098
-0.438445 0.077368 -0.872396
-0.423754 0.082651 -0.819205
-0.415025 0.083848 -0.795329
-0.411399 0.087743 -0.746647
-0.409045 0.092760 -0.669744
-0.401059 0.093124 -0.615260
-0.431270 0.099831 -0.589038
-0.422066 0.098566 -0.512730
-0.432786 0.099535 -0.493283
-0.419925 0.092976 -0.430276
-0.414756 0.083099 -0.377076
-0.414404 0.064407 -0.317820
-0.447072 0.052340 -0.294282
-0.439100 0.100106 -0.601540
-0.444105 0.100730 -0.574925
-0.445946 0.101016 -0.533431
-0.442304 0.100114 -0.494471
-0.421063 0.648962 -2.851836
-0.441093 0.647105 -2.843726
-0.423346 0.641999 -2.777007
-0.441198 0.639860 -2.708825
-0.405263 0.638839 -2.656343
-0.424763 0.638909 -2.623555
-0.430287 0.639072 -2.599662
-0.417523 0.640480 -2.522832
-0.435214 0.642883 -2.495356
-0.406682 0.648646 -2.443309
-0.438631 0.651567 -2.865873
-0.417387 0.666886 -2.827735
-0.409784 0.669467 -2.760628
-0.427650 0.669944 -2.717549
-0.401978 0.670033 -2.651999
-0.404883 0.669971 -2.624806
-0.433543 0.669597 -2.575516
-0.412741 0.668400 -2.511761
-0.442092 0.659149 -2.457218
-0.429571 0.656774 -2.447473
-0.353512 -0.400186 -0.505690
-0.375717 -0.400472 -0.477181
-0.350897 -0.403801 -0.408248
-0.396596 -0.402345 -0.374757
-0.360725 -0.404727 -0.345484
-0.364553 -0.405911 -0.264061
-0.365118 -0.406496 -0.222754
-0.361738 -0.407197 -0.188122
-0.399684 -0.405727 -0.131724
-0.371142 -0.408319 -0.050652
-0.379847 -0.407936 -0.018770
-0.394028 -0.407014 0.031267
-0.371844 -0.408439 0.059867
-0.371064 -0.407520 0.125832
-0.378123 -0.405046 0.180441
-0.376536 -0.403925 0.204677
-0.357206 -0.400833 0.272078
-0.376230 -0.362581 -0.632117
-0.354766 -0.391653 -0.593501
-0.363246 -0.397200 -0.545940
-0.393008 -0.398873 -0.496429
-0.391425 -0.399691 0.245892
-0.384360 -0.399519 0.255817
-0.359937 -0.393532 0.331864
-0.390018 -0.376987 0.391895
-0.381763 -0.350111 0.403180
-0.378403 -0.341385 -0.616469
-0.388127 -0.325894 -0.570659
-0.364645 -0.318978 -0.532482
-0.357310 -0.312531 -0.455840
-0.381984 -0.312503 -0.421636
-0.372119 -0.311243 -0.395477
-0.398219 -0.311212 -0.334777
-0.380559 -0.309967 -0.274350
-0.380720 -0.309862 -0.220813
-0.391667 -0.310443 -0.151271
-0.362249 -0.309128 -0.128562
-0.367432 -0.309777 -0.089526
-0.394194 -0.311648 -0.027204
-0.397208 -0.312408 0.012826
-0.361932 -0.312910 0.082396
-0.399864 -0.314728 0.100305
-0.378598 -0.317972 0.182494
-0.376069 -0.321693 0.237122
-0.375821 -0.324078 0.263661
-0.350785 -0.332431 0.335521
-0.380463 -0.341562 0.377433
-0.365590 -0.348865 0.402424
-0.398568 -0.200600 -0.851225
-0.390661 -0.201303 -0.813138
-0.381520 -0.202496 -0.751458
-0.385556 -0.207303 -0.702204
-0.375359 -0.202713 -0.691063
-0.391725 -0.211860 -0.623683
-0.371979 -0.201281 -0.577401
-0.399049 -0.211177 -0.508819
-0.398854 -0.206751 -0.457903
-0.396362 -0.204536 -0.446819
-0.387150 -0.154817 -1.108586
-0.387185 -0.161123 -1.076577
-0.389034 -0.170257 -1.031404
-0.363527 -0.163323 -0.968140
-0.380086 -0.183376 -0.917531
-0.371219 -0.184210 -0.871147
-0.355581 -0.176542 -0.836818
-0.352283 -0.179184 -0.788716
-0.361362 -0.192205 -0.715482
-0.369403 -0.199777 -0.659641
-0.350110 -0.186096 -0.615813
-0.360006 -0.193583 -0.591762
-0.367314 -0.197595 -0.547614
-0.368480 -0.190949 -0.459464
-0.390445 -0.197006 -0.413052
-0.366650 -0.178579 -0.393467
-0.376117 -0.167107 -0.332994
-0.391787 -0.152981 -0.297719
-0.382542 -0.120800 -1.214022
-0.382667 -0.137252 -1.171863
-0.370726 -0.141515 -1.109436
-0.364877 -0.148666 -1.050278
-0.354581 -0.146843 -1.006561
-0.351439 -0.145878 -0.992566
-0.395256 -0.129081 -0.368078
-0.376745 -0.105686 -0.349629
-0.381633 -0.140382 -0.293323
-0.364348 -0.086622 -1.235622
-0.355975 -0.098966 -1.183759
-0.399710 -0.078146 -0.376664
-0.367802 -0.083494 -0.348485
-0.369138 -0.099881 -0.282014
-0.371286 -0.021135 -1.210903
-0.369160 -0.000570 -1.155472
-0.354152 -0.009221 -1.111389
-0.351891 -0.003921 -1.081771
-0.368807 -0.028751 -0.357316
-0.369026 -0.027884 -0.316083
-0.373224 -0.013774 -0.292223
-0.388619 0.000632 -1.208817
-0.393382 0.021370 -1.150309
-0.390622 0.020459 -1.146946
-0.396438 0.035064 -1.089921
-0.398206 0.048110 -1.019879
-0.372526 0.041098 -0.974603
-0.360449 0.042641 -0.907139
-0.359290 0.044355 -0.889948
-0.351411 0.047504 -0.819342
-0.391491 0.009248 -0.352112
-0.390385 0.040533 -0.301985
-0.392756 0.035458 -0.295567
-0.399865 0.051352 -1.004080
-0.391709 0.050752 -0.985496
-0.381506 0.057452 -0.907352
-0.384266 0.062632 -0.881582
-0.358165 0.050762 -0.840740
-0.390446 0.076628 -0.790788
-0.394298 0.084577 -0.720798
-0.372015 0.077421 -0.665149
-0.364416 0.074582 -0.622053
-0.365403 0.076103 -0.559834
-0.361950 0.073176 -0.528751
-0.357916 0.067633 -0.479006
-0.380759 0.073947 -0.404958
-0.355247 0.050547 -0.386871
-0.381925 0.060490 -0.347336
-0.389464 0.649862 -2.850338
-0.361350 0.644291 -2.806170
-0.353840 0.642533 -2.782161
-0.366527 0.639790 -2.720968
-0.388236 0.639199 -2.692195
-0.393023 0.638502 -2.618639
-0.356015 0.638199 -2.559359
-0.393754 0.639730 -2.524350
-0.395382 0.641357 -2.490564
-0.368549 0.648904 -2.421907
-0.369669 0.660529 -2.855788
-0.381107 0.667614 -2.808451
-0.384735 0.669414 -2.758629
-0.355609 0.669956 -2.712902
-0.387773 0.670081 -2.675939
-0.380355 0.669988 -2.606132
-0.393609 0.669718 -2.564423
-0.374168 0.669560 -2.540154
-0.387017 0.665414 -2.456647
-0.355124 0.658968 -2.412131
-0.325192 -0.400895 -0.514396
-0.312732 -0.403601 -0.468236
-0.322973 -0.404242 -0.437797
-0.345182 -0.405256 -0.358217
-0.342249 -0.406289 -0.313268
-0.324622 -0.408084 -0.267349
-0.320837 -0.409433 -0.202936
-0.343816 -0.408726 -0.158690
-0.341536 -0.409418 -0.123068
-0.301707 -0.413137 -0.066820
-0.333354 -0.411238 -0.018839
-0.336670 -0.411131 0.005183
-0.327595 -0.411959 0.051735
-0.329041 -0.410926 0.137271
-0.325717 -0.410858 0.153841
-0.340614 -0.405049 0.242227
-0.334247 -0.401519 0.291768
-0.327308 -0.400787 0.306874
-0.312705 -0.389965 -0.607753
-0.306905 -0.392965 -0.596142
-0.335144 -0.398986 -0.538005
-0.346239 -0.399662 0.295904
-0.334550 -0.399849 0.307021
-0.316675 -0.387879 0.395654
-0.349123 -0.376074 0.413003
-0.334055 -0.334829 -0.608493
-0.349436 -0.323635 -0.567879
-0.342079 -0.317568 -0.533113
-0.338399 -0.313454 -0.495071
-0.346383 -0.310036 -0.415799
-0.318410 -0.306124 -0.397756
-0.319029 -0.304999 -0.347125
-0.301238 -0.300228 -0.268574
-0.329925 -0.305589 -0.211969
-0.330022 -0.305774 -0.156176
-0.308329 -0.301632 -0.117104
-0.315689 -0.303570 -0.097083
-0.332608 -0.307872 -0.006590
-0.324032 -0.307654 0.045136
-0.307522 -0.303227 0.063748
-0.310815 -0.306521 0.128142
-0.326824 -0.312440 0.156200
-0.322963 -0.316121 0.225828
-0.345999 -0.323099 0.265907
-0.339218 -0.327464 0.306875
-0.334533 -0.344583 0.395649
-0.346432 -0.348806 0.405331
-0.300378 -0.300146 0.464031
-0.300396 -0.300007 0.550058
-0.300430 -0.300402 0.633475
-0.300578 -0.300286 0.660288
-0.300378 -0.301488 0.717284
-0.300314 -0.302352 0.766729
-0.301052 -0.301182 0.804824
-0.301533 -0.301401 0.877897
-0.301764 -0.302177 0.941080
-0.301473 -0.304116 0.996670
-0.301408 -0.304826 1.020795
-0.302673 -0.303698 1.098315
-0.302845 -0.303809 1.119471
-0.301360 -0.308284 1.157832
-0.302575 -0.307147 1.226475
-0.305884 -0.300173 1.273173
-0.304260 -0.305395 1.319990
-0.303522 -0.308266 1.367109
-0.306078 -0.303469 1.445130
-0.305943 -0.304161 1.467738
-0.300006 -0.318873 1.529808
-0.304205 -0.309192 1.569576
-0.300603 -0.316971 1.643244
-0.300095 -0.317165 1.680438
-0.300109 -0.314081 1.743764
-0.302123 -0.305820 1.782824
-0.301772 -0.303331 1.814297
-0.300420 -0.299989 -0.268257
-0.300547 -0.299574 -0.213642
-0.300612 -0.299367 -0.178897
-0.303086 -0.299981 -0.110824
-0.301564 -0.299397 -0.080338
-0.302671 -0.299860 -0.043282
-0.300903 -0.299142 0.037097
-0.300232 -0.298877 0.145086
-0.302292 -0.251612 0.198209
-0.300616 -0.274598 0.247943
-0.302925 -0.270633 0.293527
-0.300725 -0.299435 0.310161
-0.309209 -0.253334 0.380951
-0.301250 -0.296173 0.429582
-0.309757 -0.261720 0.480067
-0.306161 -0.278910 0.511600
-0.300523 -0.299756 0.576641
-0.308863 -0.273442 0.611176
-0.306695 -0.282580 0.660968
-0.311762 -0.268037 0.746706
-0.315258 -0.255353 0.778401
-0.311221 -0.272681 0.834928
-0.312401 -0.270091 0.885803
-0.310364 -0.278044 0.924907
-0.305945 -0.291730 0.952074
-0.308714 -0.285399 1.009081
-0.304108 -0.299197 1.060071
-0.309152 -0.287801 1.141619
-0.314771 -0.270759 1.167556
-0.306461 -0.297062 1.210704
-0.317705 -0.262809 1.263118
-0.310091 -0.289986 1.321534
-0.312662 -0.283490 1.371363
-0.307898 -0.297970 1.404365
-0.317765 -0.267655 1.472015
-0.312827 -0.285353 1.532869
-0.312346 -0.286717 1.573242
-0.307960 -0.299216 1.602630
-0.317837 -0.263228 1.665723
-0.307585 -0.295703 1.720545
-0.314313 -0.268435 1.754796
-0.311670 -0.262788 1.834366
-0.307649 -0.271433 1.869451
-0.303408 -0.276879 1.910363
-0.301671 -0.261386 1.955126
-0.300196 -0.201812 0.046167
-0.301599 -0.217004 0.088741
-0.304904 -0.209373 0.126546
-0.300885 -0.247335 0.157400
-0.305667 -0.234401 0.200347
-0.307982 -0.241695 0.277941
-0.313281 -0.223449 0.341350
-0.316400 -0.207716 0.385129
-0.317397 -0.203142 0.408777
-0.315841 -0.231325 0.483017
-0.313212 -0.248219 0.505499
-0.318579 -0.225136 0.586175
-0.321296 -0.208608 0.649816
-0.316591 -0.244253 0.677257
-0.321030 -0.217253 0.701283
-0.320925 -0.224632 0.782704
-0.322026 -0.219206 0.830335
-0.323502 -0.204825 0.850348
-0.321696 -0.226793 0.905012
-0.321549 -0.232660 0.989783
-0.324175 -0.213516 1.022396
-0.324706 -0.211773 1.072963
-0.325620 -0.202987 1.117537
-0.322277 -0.237648 1.178203
-0.323055 -0.234090 1.206778
-0.325735 -0.214498 1.262219
-0.324910 -0.225708 1.320350
-0.326948 -0.204533 1.397389
-0.325795 -0.221158 1.414628
-0.325287 -0.226831 1.477863
-0.321962 -0.248476 1.549709
-0.325562 -0.221952 1.555572
-0.322353 -0.243095 1.618821
-0.322200 -0.234730 1.689730
-0.320340 -0.245261 1.705344
-0.318977 -0.221261 1.795653
-0.317004 -0.230874 1.817119
-0.310250 -0.217967 1.898556
-0.305314 -0.246389 1.934841
-0.301014 -0.221776 1.967945
-0.348919 -0.151583 -0.950247
-0.343271 -0.151949 -0.910711
-0.347028 -0.165837 -0.855612
-0.333118 -0.152232 -0.829122
-0.340217 -0.170436 -0.754095
-0.344837 -0.177483 -0.723306
-0.330651 -0.164249 -0.667625
-0.323380 -0.155269 -0.611448
-0.330758 -0.164770 -0.590457
-0.328795 -0.160641 -0.547234
-0.332571 -0.155950 -0.461564
-0.338026 -0.152854 -0.411348
-0.344861 -0.150857 -0.374252
-0.300882 -0.180086 0.041565
-0.302417 -0.198154 0.073845
-0.304183 -0.152120 0.105077
-0.309417 -0.179425 0.177260
-0.312495 -0.171057 0.241903
-0.312996 -0.191195 0.257041
-0.315875 -0.185027 0.328672
-0.316445 -0.166136 0.354646
-0.318361 -0.177999 0.414055
-0.317932 -0.150294 0.461809
-0.320119 -0.163819 0.523567
-0.321197 -0.189883 0.565195
-0.321618 -0.160850 0.649476
-0.322656 -0.181418 0.673173
-0.321386 -0.150358 0.726629
-0.322977 -0.166417 0.758023
-0.323589 -0.168326 0.825826
-0.322528 -0.150044 0.898535
-0.324533 -0.190975 0.905402
-0.325030 -0.174043 0.998932
-0.325264 -0.195663 1.022140
-0.325743 -0.182870 1.073872
-0.326071 -0.185118 1.124323
-0.326380 -0.191242 1.178349
-0.326556 -0.182154 1.219312
-0.325288 -0.157621 1.280452
-0.326970 -0.193729 1.303708
-0.326575 -0.171025 1.354270
-0.327179 -0.183554 1.447197
-0.327266 -0.192324 1.467823
-0.326163 -0.168388 1.503603
-0.326456 -0.196345 1.589279
-0.325906 -0.196908 1.624740
-0.322003 -0.155244 1.660960
-0.321977 -0.183472 1.736135
-0.318834 -0.182365 1.788005
-0.311542 -0.156761 1.830235
-0.310015 -0.169898 1.863778
-0.301644 -0.196125 1.947724
-0.300287 -0.191982 1.951710
-0.328333 -0.100341 -1.163467
-0.333301 -0.103725 -1.120540
-0.300496 -0.107910 -1.058356
-0.333487 -0.113458 -1.002943
-0.327493 -0.115340 -0.956533
-0.326899 -0.127770 -0.900681
-0.336775 -0.147520 -0.886949
-0.321292 -0.132672 -0.827515
-0.319098 -0.137930 -0.773858
-0.315428 -0.135342 -0.734101
-0.317259 -0.143739 -0.673264
-0.317879 -0.146230 -0.618354
-0.312790 -0.135316 -0.572466
-0.318441 -0.139454 -0.500605
-0.314020 -0.123333 -0.458033
-0.329875 -0.140241 -0.410290
-0.316963 -0.116697 -0.395310
-0.346211 -0.122701 -0.318305
-0.300047 -0.134827 0.069881
-0.303930 -0.145234 0.111270
-0.306506 -0.137687 0.171991
-0.301361 -0.101695 0.208248
-0.308727 -0.119165 0.292031
-0.312814 -0.139431 0.313729
-0.308748 -0.106534 0.388684
-0.314198 -0.131799 0.401983
-0.312262 -0.115521 0.454878
-0.318302 -0.145839 0.509046
-0.318378 -0.137728 0.588548
-0.317148 -0.127593 0.627783
-0.318190 -0.131038 0.671993
-0.313601 -0.107182 0.748246
-0.319534 -0.134608 0.767153
-0.321739 -0.147566 0.820780
-0.321762 -0.145221 0.871795
-0.316682 -0.115617 0.934989
-0.319058 -0.124908 0.998383
-0.316451 -0.112506 1.046295
-0.321085 -0.133032 1.093416
-0.315309 -0.107261 1.101384
-0.322136 -0.136824 1.187175
-0.319728 -0.123527 1.243132
-0.322071 -0.134757 1.296342
-0.319484 -0.121983 1.314164
-0.314618 -0.103605 1.377261
-0.322607 -0.138347 1.440180
-0.320063 -0.126659 1.478804
-0.323201 -0.146589 1.542686
-0.315693 -0.115763 1.591382
-0.321490 -0.146996 1.634726
-0.312378 -0.111072 1.653842
-0.306019 -0.103643 1.728604
-0.309745 -0.124469 1.767469
-0.304399 -0.132196 1.840548
-0.300017 -0.121113 1.851640
-0.331205 -0.073881 -1.238797
-0.308438 -0.096985 -1.197124
-0.330400 -0.095716 -0.304850
-0.318371 -0.050976 -0.298297
-0.300659 -0.095910 0.227102
-0.302459 -0.093663 0.290255
-0.303370 -0.090869 0.346798
-0.301209 -0.081233 0.383482
-0.300729 -0.077747 0.417372
-0.306844 -0.093587 0.468171
-0.307018 -0.092155 0.506458
-0.308345 -0.094226 0.558951
-0.308118 -0.090957 0.635531
-0.309911 -0.096057 0.663476
-0.301934 -0.071832 0.723093
-0.306588 -0.083463 0.790795
-0.310192 -0.094198 0.802528
-0.303730 -0.074789 0.877655
-0.307552 -0.084631 0.924180
-0.311264 -0.095242 0.969722
-0.301289 -0.067591 1.012944
-0.308975 -0.086927 1.088948
-0.305275 -0.076545 1.131846
-0.301802 -0.067792 1.180127
-0.311113 -0.092222 1.225099
-0.306095 -0.078216 1.292871
-0.302889 -0.070485 1.332641
-0.310766 -0.091785 1.399744
-0.312007 -0.095771 1.417850
-0.305940 -0.080967 1.494025
-0.308060 -0.087769 1.524862
-0.309792 -0.094094 1.553154
-0.307048 -0.094557 1.648919
-0.300851 -0.082443 1.677943
-0.301561 -0.092291 1.731318
-0.335676 -0.048270 -1.200759
-0.330147 -0.045370 -1.150737
-0.343808 -0.036298 -1.115986
-0.304728 -0.042287 -1.067731
-0.332930 -0.018252 -1.004052
-0.332285 -0.004163 -0.955739
-0.317579 -0.027227 -0.905414
-0.312018 -0.033667 -0.871890
-0.317962 -0.002754 -0.829786
-0.311482 -0.005109 -0.770703
-0.309758 -0.006150 -0.748418
-0.308861 -0.000548 -0.697380
-0.305656 -0.002521 -0.604963
-0.306431 -0.001475 -0.558231
-0.303806 -0.015102 -0.508072
-0.311633 -0.000551 -0.463866
-0.310309 -0.026602 -0.404966
-0.315880 -0.015171 -0.393375
-0.309700 -0.037515 -0.312374
-0.302576 -0.044832 -0.296807
-0.349158 0.000611 -1.049139
-0.348220 0.012654 -0.995260
-0.330246 0.004805 -0.905695
-0.323935 0.003962 -0.858639
-0.326489 0.015142 -0.825280
-0.346289 0.045452 -0.797088
-0.321669 0.024196 -0.706441
-0.324887 0.030795 -0.692201
-0.314957 0.018364 -0.619329
-0.318340 0.024630 -0.578827
-0.312396 0.010359 -0.520070
-0.323285 0.023992 -0.461413
-0.326346 0.021612 -0.423910
-0.342641 0.031024 -0.372497
-0.344961 0.015176 -0.332021
-0.348977 0.051174 -0.774309
-0.349185 0.058006 -0.703372
-0.344934 0.055271 -0.689515
-0.343839 0.056632 -0.640609
-0.345742 0.059926 -0.585563
-0.348003 0.060623 -0.511458
-0.342710 0.054447 -0.495386
-0.349087 0.050110 -0.413657
-0.305524 0.645417 -2.809116
-0.349414 0.643754 -2.798379
-0.318494 0.639646 -2.720464
-0.308690 0.638664 -2.688267
-0.314120 0.637596 -2.616514
-0.311629 0.637520 -2.553867
-0.310909 0.637636 -2.539083
-0.347026 0.641920 -2.452118
-0.300754 0.642078 -2.422115
-0.311629 0.649544 -2.389594
-0.333583 0.658793 -2.851172
-0.329151 0.665306 -2.823939
-0.302131 0.668079 -2.781722
-0.301215 0.669772 -2.721879
-0.305966 0.670222 -2.650578
-0.311847 0.670153 -2.601378
-0.325063 0.669939 -2.550949
-0.333889 0.669377 -2.508168
-0.320856 0.668255 -2.463568
-0.330033 0.659465 -2.400382
-0.300942 0.662821 -2.397308
-0.258962 -0.400160 -0.554672
-0.280463 -0.403144 -0.504904
-0.270717 -0.404544 -0.484853
-0.282600 -0.407108 -0.405424
-0.265722 -0.409362 -0.356982
-0.268862 -0.410204 -0.319152
-0.273885 -0.410513 -0.294113
-0.282610 -0.411766 -0.211798
-0.281630 -0.412403 -0.185335
-0.251931 -0.416865 -0.103267
-0.292319 -0.413769 -0.075912
-0.260030 -0.417862 -0.019387
-0.293818 -0.414981 0.031627
-0.292659 -0.415237 0.080039
-0.292002 -0.414905 0.132842
-0.285369 -0.414100 0.198436
-0.258635 -0.416275 0.247007
-0.269989 -0.413933 0.251498
-0.280839 -0.405867 0.325855
-0.278208 -0.400035 0.374674
-0.251063 -0.401325 0.426821
-0.257126 -0.373719 -0.636043
-0.272950 -0.394664 -0.592613
-0.291312 -0.399721 -0.548791
-0.274434 -0.397036 0.398428
-0.276299 -0.393876 0.411796
-0.274387 -0.367166 0.494729
-0.256238 -0.381850 0.532912
-0.256679 -0.376038 0.595356
-0.257234 -0.373613 0.638521
-0.257444 -0.372745 0.666529
-0.255631 -0.374651 0.711115
-0.259572 -0.370353 0.790731
-0.257352 -0.373349 0.805115
-0.258289 -0.373244 0.862764
-0.269045 -0.360030 0.910775
-0.276526 -0.350889 0.994452
-0.255375 -0.380846 1.046687
-0.270773 -0.361009 1.066245
-0.259225 -0.377293 1.100475
-0.256566 -0.382140 1.169195
-0.266642 -0.370139 1.214767
-0.272381 -0.362883 1.251920
-0.255081 -0.387721 1.347452
-0.261066 -0.380904 1.378620
-0.267177 -0.374027 1.447034
-0.257608 -0.386699 1.466417
-0.258992 -0.385549 1.510397
-0.282907 -0.351670 1.557221
-0.272686 -0.367561 1.641489
-0.257988 -0.386898 1.695619
-0.269849 -0.370580 1.716765
-0.277680 -0.356717 1.773940
-0.264302 -0.374294 1.834921
-0.277504 -0.350420 1.881763
-0.270898 -0.357616 1.935649
-0.268924 -0.357278 1.978653
-0.267573 -0.354950 2.025668
-0.264904 -0.350762 2.097761
-0.264157 -0.351377 2.104331
-0.253310 -0.357948 2.197207
-0.250275 -0.350743 2.231871
-0.250245 -0.322316 -0.620465
-0.261353 -0.302767 -0.550633
-0.273325 -0.302053 -0.512155
-0.296485 -0.306136 -0.481319
-0.297772 -0.303468 -0.432716
-0.294821 -0.300092 -0.359488
-0.297852 -0.300616 -0.348150
-0.298762 -0.313473 0.393822
-0.297776 -0.324850 0.408230
-0.289188 -0.334293 0.495033
-0.280991 -0.349770 0.513511
-0.285180 -0.335117 0.581047
-0.283323 -0.337447 0.604322
-0.287129 -0.329346 0.674177
-0.285620 -0.331888 0.715431
-0.286939 -0.329870 0.768186
-0.284493 -0.334704 0.819064
-0.291397 -0.323465 0.890724
-0.282462 -0.340218 0.935795
-0.277288 -0.349362 0.978049
-0.282192 -0.342979 1.045357
-0.297106 -0.315889 1.081260
-0.292135 -0.326448 1.101104
-0.298494 -0.315379 1.184119
-0.298252 -0.317352 1.244127
-0.296765 -0.321600 1.290202
-0.299325 -0.316894 1.323137
-0.296891 -0.323090 1.368724
-0.292421 -0.333523 1.448785
-0.296965 -0.325081 1.494693
-0.298632 -0.321753 1.513872
-0.288205 -0.342486 1.550903
-0.297044 -0.324932 1.638043
-0.284269 -0.348969 1.661171
-0.290772 -0.335032 1.732425
-0.292895 -0.328332 1.776325
-0.296487 -0.315810 1.826942
-0.283723 -0.340975 1.855263
-0.292314 -0.308467 1.945071
-0.286718 -0.314928 1.990606
-0.278022 -0.336016 2.001393
-0.274533 -0.326740 2.088102
-0.272723 -0.328063 2.102978
-0.268534 -0.315499 2.161747
-0.259933 -0.316648 2.210725
-0.250730 -0.320052 2.250421
-0.252947 -0.297203 -0.551936
-0.270161 -0.299669 -0.503715
-0.253524 -0.283033 -0.465540
-0.254116 -0.276170 -0.417227
-0.254573 -0.272935 -0.397901
-0.266027 -0.281777 -0.320780
-0.264678 -0.270228 -0.274606
-0.295868 -0.298329 -0.246388
-0.272743 -0.274917 -0.190042
-0.294683 -0.296534 -0.126131
-0.282697 -0.282530 -0.088086
-0.297388 -0.297014 -0.028872
-0.288855 -0.260116 0.013949
-0.292100 -0.266333 0.069955
-0.294185 -0.277543 0.116997
-0.299562 -0.297580 0.174447
-0.299968 -0.277672 0.241687
-0.299813 -0.284682 0.254335
-0.299913 -0.298484 1.880292
-0.297550 -0.297782 1.918564
-0.297686 -0.286300 1.953340
-0.289301 -0.275390 2.043977
-0.283569 -0.284059 2.079722
-0.276339 -0.271820 2.123818
-0.263068 -0.297460 2.196174
-0.252411 -0.254078 2.201449
-0.252577 -0.203429 -0.475003
-0.250174 -0.243760 -0.432642
-0.263288 -0.213565 -0.352119
-0.262924 -0.235460 -0.318147
-0.265331 -0.243048 -0.278990
-0.274177 -0.211625 -0.242300
-0.279387 -0.210032 -0.189332
-0.284419 -0.214503 -0.129093
-0.289350 -0.224163 -0.057912
-0.292169 -0.227937 -0.017072
-0.299726 -0.200323 0.037981
-0.298303 -0.225956 0.059134
-0.299775 -0.247164 0.138477
-0.298748 -0.213983 1.977747
-0.288777 -0.233142 2.043138
-0.270944 -0.207278 2.091284
-0.268878 -0.222644 2.115366
-0.250828 -0.235609 2.184047
-0.250637 -0.154630 -0.515231
-0.254483 -0.159351 -0.474724
-0.257779 -0.180685 -0.438380
-0.263423 -0.171628 -0.381050
-0.270631 -0.159481 -0.302889
-0.271285 -0.184063 -0.295933
-0.278253 -0.183682 -0.222587
-0.283908 -0.161678 -0.160711
-0.286528 -0.160085 -0.130787
-0.292367 -0.173589 -0.067243
-0.295547 -0.198087 -0.018686
-0.298601 -0.162293 0.014497
-0.297340 -0.153747 1.921750
-0.293087 -0.183799 1.979656
-0.263661 -0.150119 2.039753
-0.264257 -0.167954 2.061904
-0.250090 -0.194613 2.132354
-0.284824 -0.101394 -1.150499
-0.281807 -0.102870 -1.132317
-0.254996 -0.106715 -1.075819
-0.271441 -0.109236 -1.037721
-0.259140 -0.112188 -0.989149
-0.287449 -0.116296 -0.913239
-0.274001 -0.118958 -0.856865
-0.292987 -0.119951 -0.829293
-0.277331 -0.122192 -0.756945
-0.295937 -0.122535 -0.734960
-0.273911 -0.123244 -0.679453
-0.271690 -0.123110 -0.607712
-0.287136 -0.122951 -0.597661
-0.271954 -0.121222 -0.512649
-0.251044 -0.119055 -0.450467
-0.288352 -0.118145 -0.429976
-0.270913 -0.115498 -0.385133
-0.265193 -0.115701 -0.310513
-0.266629 -0.117362 -0.298084
-0.275363 -0.123837 -0.214186
-0.281682 -0.138041 -0.165483
-0.281115 -0.114626 -0.131169
-0.292464 -0.148259 -0.052182
-0.295228 -0.143217 -0.011252
-0.293135 -0.109408 0.034629
-0.299769 -0.121894 0.097312
-0.298035 -0.103122 0.135937
-0.299979 -0.100056 0.187768
-0.299326 -0.110467 1.831466
-0.295348 -0.121246 1.887291
-0.276363 -0.102309 1.945102
-0.259845 -0.102839 1.971268
-0.253292 -0.131849 2.037530
-0.251514 -0.149224 2.066051
-0.262678 -0.050108 -1.215536
-0.263953 -0.096839 -1.197836
-0.251274 -0.093418 -0.411510
-0.255294 -0.089034 -0.354059
-0.256881 -0.081844 -0.313760
-0.261853 -0.088547 -0.279638
-0.261700 -0.074613 -0.234099
-0.273300 -0.096418 -0.174247
-0.278000 -0.097497 -0.123066
-0.272455 -0.063508 -0.058801
-0.286461 -0.093162 -0.002252
-0.277298 -0.059063 0.032098
-0.284969 -0.071186 0.078884
-0.293556 -0.092622 0.106599
-0.298199 -0.094191 0.183879
-0.295613 -0.076808 0.249760
-0.299199 -0.083937 0.281869
-0.295182 -0.070220 0.306674
-0.290935 -0.056498 0.355194
-0.294671 -0.061322 0.434051
-0.294112 -0.058389 0.477259
-0.290885 -0.050040 0.521567
-0.294632 -0.057484 0.550949
-0.297887 -0.063482 0.622761
-0.296291 -0.059098 0.667773
-0.296723 -0.059510 0.714142
-0.295374 -0.056149 0.755484
-0.296859 -0.058729 0.846651
-0.293867 -0.052156 0.878372
-0.295778 -0.055703 0.949908
-0.293142 -0.050145 0.969754
-0.296501 -0.056774 1.024131
-0.297304 -0.058299 1.057078
-0.294690 -0.052551 1.108820
-0.295050 -0.053067 1.176759
-0.295264 -0.053462 1.244531
-0.294841 -0.052656 1.268361
-0.295538 -0.054240 1.313149
-0.296166 -0.055853 1.354258
-0.294393 -0.053701 1.443587
-0.299206 -0.065035 1.490669
-0.295951 -0.059848 1.532160
-0.291934 -0.054607 1.581259
-0.290894 -0.056085 1.626939
-0.284688 -0.052571 1.699223
-0.295261 -0.078372 1.735419
-0.292690 -0.076088 1.754047
-0.283706 -0.074145 1.836156
-0.269867 -0.056191 1.861085
-0.255445 -0.062235 1.923797
-0.254729 -0.089616 1.964058
-0.275659 -0.048306 -1.201066
-0.272563 -0.047883 -1.195269
-0.299928 -0.043482 -1.102318
-0.264016 -0.042558 -1.075990
-0.281335 -0.040816 -1.022841
-0.275944 -0.039029 -0.965692
-0.293313 -0.037870 -0.927821
-0.267083 -0.036434 -0.878950
-0.253997 -0.035178 -0.835277
-0.271445 -0.033529 -0.775998
-0.253817 -0.031807 -0.710148
-0.287704 -0.031273 -0.692315
-0.278786 -0.030212 -0.642724
-0.266182 -0.029181 -0.591971
-0.260623 -0.028151 -0.520222
-0.295902 -0.027668 -0.458809
-0.252975 -0.028116 -0.422895
-0.251987 -0.030371 -0.360930
-0.267558 -0.032779 -0.333063
-0.273590 -0.046285 -0.292399
-0.251776 -0.042497 -0.202864
-0.255558 -0.046506 -0.179621
-0.253564 -0.035425 -0.140811
-0.250599 -0.017083 -0.051002
-0.250996 -0.017219 -0.046717
-0.266639 -0.038990 0.007712
-0.268909 -0.034251 0.080565
-0.272368 -0.037334 0.113367
-0.267950 -0.024278 0.164211
-0.266141 -0.016034 0.237596
-0.269714 -0.019647 0.277588
-0.264019 -0.008258 0.334113
-0.285318 -0.044534 0.351917
-0.276039 -0.024520 0.426276
-0.275340 -0.022278 0.470887
-0.273554 -0.018093 0.547504
-0.291056 -0.048843 0.598588
-0.288689 -0.043569 0.637002
-0.278211 -0.024390 0.685597
-0.269835 -0.011269 0.709017
-0.292135 -0.049263 0.768934
-0.264114 -0.003014 0.849907
-0.270634 -0.012190 0.852785
-0.280473 -0.027329 0.914881
-0.285749 -0.036162 0.973791
-0.270497 -0.011694 1.004722
-0.262305 -0.000346 1.068739
-0.277524 -0.021996 1.139282
-0.291086 -0.045323 1.150593
-0.281049 -0.027680 1.244695
-0.277349 -0.022036 1.296501
-0.268787 -0.009763 1.332512
-0.275769 -0.020344 1.372966
-0.263764 -0.004138 1.415457
-0.260907 -0.001335 1.454898
-0.279679 -0.030631 1.531792
-0.273384 -0.023565 1.580238
-0.285869 -0.046935 1.626931
-0.273384 -0.032292 1.682542
-0.281043 -0.047731 1.709723
-0.266355 -0.036513 1.783628
-0.259223 -0.035059 1.830335
-0.260728 -0.041194 1.852052
-0.255402 -0.044693 1.906002
-0.250718 0.000681 0.135907
-0.252712 0.001028 0.184141
-0.252457 0.003790 0.228137
-0.250933 0.007323 0.260365
-0.251984 0.008336 0.327442
-0.256128 0.004577 0.393575
-0.259202 0.000629 0.404122
-0.259163 0.001868 0.467867
-0.260178 0.001287 0.531481
-0.251740 0.012345 0.558200
-0.261313 0.000309 0.604759
-0.259893 0.002407 0.653024
-0.257345 0.005845 0.721597
-0.253711 0.010374 0.753002
-0.255285 0.008410 0.823527
-0.261485 0.000500 0.857738
-0.261673 0.000294 0.916668
-0.253541 0.010557 0.983082
-0.253770 0.010326 1.045828
-0.257235 0.006128 1.085049
-0.260921 0.001480 1.128396
-0.261957 0.000138 1.159469
-0.251363 0.013033 1.220281
-0.260062 0.002232 1.278252
-0.260683 0.000935 1.341821
-0.255215 0.007396 1.366936
-0.251703 0.010873 1.408617
-0.250092 0.010695 1.488473
-0.253759 0.004581 1.536070
-0.253596 0.002876 1.573197
-0.252283 0.001514 1.617565
-0.297111 0.645304 -2.806902
-0.276046 0.643697 -2.788700
-0.258734 0.640950 -2.748918
-0.273857 0.637993 -2.667326
-0.277333 0.637324 -2.624745
-0.284065 0.637102 -2.583370
-0.272107 0.637185 -2.519149
-0.256428 0.637775 -2.471301
-0.285251 0.639654 -2.445627
-0.260093 0.648125 -2.365318
-0.266587 0.665308 -2.809731
-0.283391 0.668197 -2.774854
-0.285992 0.669137 -2.749438
-0.280468 0.670257 -2.651344
-0.290850 0.670247 -2.630191
-0.296109 0.670094 -2.562354
-0.289934 0.669761 -2.510235
-0.274613 0.669660 -2.494638
-0.290171 0.667735 -2.438096
-0.273686 0.664858 -2.396145
-0.203428 -0.400798 -0.560496
-0.235441 -0.404697 -0.504220
-0.233045 -0.407489 -0.453529
-0.238274 -0.409398 -0.401453
-0.215758 -0.411751 -0.373606
-0.210307 -0.414252 -0.318863
-0.241055 -0.413497 -0.264471
-0.203683 -0.419178 -0.203757
-0.202119 -0.419543 -0.199749
-0.209836 -0.420894 -0.134045
-0.248985 -0.417830 -0.076264
-0.235021 -0.420480 -0.037665
-0.221591 -0.424130 0.027836
-0.243249 -0.421597 0.092249
-0.242888 -0.421802 0.126825
-0.218271 -0.426793 0.183968
-0.207949 -0.429502 0.216922
-0.240258 -0.418658 0.279326
-0.200178 -0.430912 0.333710
-0.249499 -0.406643 0.390216
-0.203821 -0.427652 0.411837
-0.202827 -0.427189 0.472624
-0.230285 -0.405456 0.539625
-0.224506 -0.409382 0.564758
-0.223556 -0.409198 0.614431
-0.200465 -0.428076 0.664069
-0.211304 -0.419661 0.706868
-0.229596 -0.403836 0.789906
-0.231297 -0.402703 0.825826
-0.213294 -0.420043 0.868996
-0.215052 -0.419783 0.938731
-0.218311 -0.417529 0.969280
-0.226574 -0.411031 1.020276
-0.204584 -0.430537 1.053146
-0.207606 -0.429517 1.121683
-0.202211 -0.435047 1.187301
-0.209896 -0.429371 1.204676
-0.201027 -0.438119 1.295799
-0.230742 -0.413685 1.338913
-0.211038 -0.431448 1.356865
-0.216673 -0.427926 1.425259
-0.230811 -0.416159 1.496019
-0.204197 -0.439197 1.511914
-0.242845 -0.404557 1.550603
-0.244434 -0.403127 1.601373
-0.235623 -0.412291 1.655180
-0.236335 -0.410895 1.727209
-0.231704 -0.415108 1.752433
-0.240442 -0.403834 1.839192
-0.207600 -0.433990 1.874890
-0.234887 -0.406501 1.934039
-0.222966 -0.417302 1.978315
-0.233826 -0.405103 2.001788
-0.219732 -0.417387 2.079962
-0.220900 -0.414825 2.123937
-0.202165 -0.431621 2.165157
-0.227288 -0.402000 2.210773
-0.211349 -0.413807 2.259334
-0.202099 -0.412042 2.318882
-0.200046 -0.400653 2.367509
-0.222784 -0.351011 -0.655545
-0.202793 -0.385056 -0.632500
-0.231291 -0.399086 -0.569992
-0.247764 -0.399519 0.453500
-0.246347 -0.394890 0.500343
-0.245244 -0.389412 0.583223
-0.239839 -0.393204 0.637754
-0.234055 -0.398705 0.671250
-0.248378 -0.383320 0.740663
-0.246181 -0.386068 0.767990
-0.244554 -0.388846 0.831445
-0.241518 -0.392819 0.865571
-0.245866 -0.388942 0.909418
-0.238986 -0.397899 0.981018
-0.240707 -0.396962 1.022130
-0.249022 -0.389128 1.082245
-0.249459 -0.390015 1.144658
-0.244102 -0.397126 1.196930
-0.246219 -0.395213 1.215955
-0.246608 -0.396405 1.292984
-0.243998 -0.399996 1.329483
-0.247918 -0.396225 1.357110
-0.249165 -0.396186 1.435201
-0.249969 -0.395956 1.481603
-0.247312 -0.399333 1.513267
-0.249056 -0.397836 1.565171
-0.247912 -0.399309 1.623741
-0.247489 -0.399519 1.680943
-0.249158 -0.396556 1.748969
-0.248434 -0.396794 1.773832
-0.248186 -0.394929 1.841501
-0.245612 -0.395667 1.899688
-0.248883 -0.390233 1.931533
-0.249096 -0.387229 1.985666
-0.239641 -0.397794 2.014650
-0.246182 -0.387091 2.058506
-0.247416 -0.378632 2.149066
-0.237764 -0.392167 2.166811
-0.248928 -0.350061 2.239944
-0.224578 -0.390089 2.280749
-0.222347 -0.360272 2.344635
-0.214198 -0.355686 2.379461
-0.203490 -0.373919 2.405028
-0.205575 -0.311686 -0.713801
-0.213771 -0.308281 -0.687566
-0.248330 -0.319720 -0.618961
-0.245750 -0.301658 -0.587951
-0.249847 -0.341640 2.244778
-0.247142 -0.332972 2.262224
-0.230990 -0.312059 2.318899
-0.209630 -0.345594 2.399333
-0.204342 -0.332122 2.415116
-0.202466 -0.257783 -0.854110
-0.202139 -0.275271 -0.803848
-0.206845 -0.269181 -0.784849
-0.204970 -0.291485 -0.747900
-0.220150 -0.268117 -0.687290
-0.232011 -0.284210 -0.607354
-0.234985 -0.252095 -0.576504
-0.238008 -0.253495 -0.545007
-0.249270 -0.279625 -0.481783
-0.248843 -0.253125 -0.435252
-0.237529 -0.255861 2.244458
-0.232570 -0.285939 2.293440
-0.212899 -0.280098 2.341326
-0.206733 -0.275435 2.350747
-0.200488 -0.212541 -1.022109
-0.201939 -0.229498 -0.954095
-0.210686 -0.202913 -0.939731
-0.211003 -0.220385 -0.888760
-0.216744 -0.213689 -0.844445
-0.223606 -0.219536 -0.756027
-0.224677 -0.238697 -0.700810
-0.228896 -0.235646 -0.664494
-0.234531 -0.232812 -0.612182
-0.237391 -0.245225 -0.560760
-0.242170 -0.237287 -0.525063
-0.247840 -0.242131 -0.458962
-0.249832 -0.245698 -0.433183
-0.249887 -0.202365 2.143304
-0.238667 -0.206271 2.173560
-0.229838 -0.240134 2.241511
-0.215804 -0.248084 2.285986
-0.205584 -0.248556 2.309823
-0.202136 -0.162773 -1.115307
-0.200908 -0.185515 -1.087387
-0.207122 -0.180604 -1.031458
-0.213796 -0.179700 -0.952423
-0.214085 -0.195366 -0.917905
-0.221890 -0.154385 -0.870282
-0.224122 -0.187084 -0.812455
-0.227383 -0.181903 -0.779752
-0.231680 -0.167006 -0.738768
-0.236569 -0.154428 -0.679564
-0.237876 -0.196216 -0.641315
-0.247282 -0.162521 -0.554859
-0.246272 -0.196666 -0.549022
-0.246108 -0.163102 2.097205
-0.239310 -0.156172 2.100903
-0.204585 -0.175862 2.186607
-0.216075 -0.199773 2.206252
-0.200254 -0.119974 -1.160217
-0.203228 -0.149870 -1.118354
-0.208744 -0.120833 -1.054883
-0.206220 -0.108003 -1.047971
-0.213684 -0.119116 -0.977654
-0.217055 -0.108231 -0.901467
-0.219003 -0.101217 -0.851930
-0.220924 -0.108937 -0.841443
-0.229099 -0.121103 -0.790549
-0.230152 -0.114908 -0.721081
-0.235451 -0.118867 -0.658429
-0.245586 -0.123158 -0.610736
-0.225327 -0.122480 -0.579509
-0.248514 -0.146299 -0.534328
-0.223136 -0.118846 -0.450981
-0.236142 -0.117951 -0.426713
-0.245095 -0.115096 -0.378763
-0.233822 -0.111673 -0.344009
-0.211533 -0.101312 -0.299946
-0.246311 -0.101338 1.996703
-0.231263 -0.102612 2.025543
-0.217144 -0.105049 2.061837
-0.217602 -0.147346 2.125207
-0.231341 -0.057415 -1.235403
-0.223872 -0.098620 -1.178584
-0.201026 -0.085982 -1.106433
-0.204167 -0.086961 -1.062068
-0.203511 -0.069216 -1.001066
-0.207843 -0.082076 -0.980251
-0.208008 -0.073636 -0.936955
-0.211782 -0.072658 -0.862933
-0.212971 -0.067153 -0.815364
-0.221448 -0.085561 -0.763580
-0.223881 -0.083767 -0.721527
-0.230628 -0.093446 -0.660681
-0.223956 -0.060454 -0.621821
-0.230674 -0.072946 -0.588227
-0.234418 -0.075047 -0.549248
-0.237397 -0.060110 -0.453362
-0.237860 -0.053764 -0.419606
-0.247630 -0.066899 -0.363651
-0.247838 -0.057919 -0.323763
-0.207586 -0.094204 -0.292974
-0.244202 -0.050833 1.928110
-0.234054 -0.086756 1.997832
-0.219644 -0.094198 2.031634
-0.201622 -0.099363 2.064505
-0.218164 -0.049577 -1.207384
-0.234414 -0.046809 -1.175896
-0.239316 -0.044989 -1.138099
-0.240252 -0.042588 -1.072100
-0.248582 -0.040582 -1.013921
-0.227582 -0.040205 -0.996070
-0.238625 -0.037797 -0.922300
-0.221890 -0.036819 -0.883994
-0.231502 -0.035617 -0.846700
-0.240737 -0.033735 -0.783412
-0.221807 -0.031998 -0.710354
-0.208836 -0.029951 -0.653443
-0.200390 -0.012242 -0.639257
-0.209963 -0.020808 -0.574469
-0.218075 -0.029874 -0.530228
-0.209544 -0.004454 -0.459333
-0.212211 -0.028565 -0.418459
-0.240429 -0.030970 -0.352268
-0.214389 -0.033811 -0.326737
-0.210423 -0.046262 -0.292727
-0.245141 -0.033284 -0.228926
-0.239321 -0.017888 -0.199484
-0.249806 -0.028669 -0.144426
-0.247317 -0.014578 -0.074902
-0.244669 -0.004818 -0.026628
-0.246727 -0.001150 0.041606
-0.247310 -0.000214 0.061754
-0.249745 -0.000416 0.102229
-0.248995 -0.001755 1.693276
-0.243265 -0.000142 1.731882
-0.239056 -0.001576 1.773290
-0.232703 -0.002056 1.816676
-0.249680 -0.033311 1.884909
-0.217736 -0.007556 1.909707
-0.202283 -0.042056 1.977148
-0.201023 0.002781 -0.506764
-0.200777 0.008703 -0.458687
-0.203989 0.007559 -0.429138
-0.207314 0.011379 -0.355151
-0.213158 0.009172 -0.303803
-0.203829 0.022949 -0.287948
-0.212090 0.021030 -0.205077
-0.204213 0.033277 -0.171278
-0.208005 0.034240 -0.110367
-0.237748 0.000638 -0.071566
-0.237360 0.004260 -0.041966
-0.226778 0.022705 0.012777
-0.241294 0.008909 0.071434
-0.245623 0.006332 0.115613
-0.239315 0.018192 0.177327
-0.238547 0.020592 0.207869
-0.239840 0.021388 0.266068
-0.247896 0.014036 0.345435
-0.231125 0.034001 0.393561
-0.217253 0.047811 0.418560
-0.223476 0.042335 0.461386
-0.239331 0.026597 0.539821
-0.226398 0.039979 0.597161
-0.247755 0.017438 0.648411
-0.231886 0.034534 0.695621
-0.235889 0.030425 0.721203
-0.224696 0.041289 0.770683
-0.221946 0.043630 0.833417
-0.236046 0.029976 0.864211
-0.226232 0.039526 0.903161
-0.236298 0.029626 0.970680
-0.237780 0.028092 1.031320
-0.239601 0.026191 1.081744
-0.248871 0.016057 1.123235
-0.221078 0.043924 1.170666
-0.230289 0.035244 1.228834
-0.227073 0.038019 1.277951
-0.246441 0.017822 1.341051
-0.231910 0.032298 1.383489
-0.249793 0.012767 1.423641
-0.212386 0.047259 1.486695
-0.230693 0.028584 1.547449
-0.234329 0.024297 1.562463
-0.245084 0.008362 1.634040
-0.227311 0.022716 1.673885
-0.230731 0.014946 1.714582
-0.217897 0.016971 1.785152
-0.219536 0.006613 1.839204
-0.214544 0.006022 1.867541
-0.202251 0.000216 1.913509
-0.200692 0.051531 0.038861
-0.200601 0.054008 0.086803
-0.204676 0.052946 0.146498
-0.202808 0.056178 0.190946
-0.207346 0.053380 0.229774
-0.203927 0.057892 0.298377
-0.206456 0.055888 0.305923
-0.202718 0.059691 0.351089
-0.208363 0.055787 0.443175
-0.206410 0.057457 0.450188
-0.210652 0.054095 0.505242
-0.203171 0.060272 0.576339
-0.212876 0.052231 0.615142
-0.211540 0.053266 0.660872
-0.204827 0.058437 0.747432
-0.210059 0.054098 0.776251
-0.214587 0.050214 0.801084
-0.204406 0.058305 0.866411
-0.208190 0.055165 0.921066
-0.211175 0.052623 0.991383
-0.207153 0.055847 1.018370
-0.205875 0.056795 1.065292
-0.212497 0.051323 1.149761
-0.209573 0.053706 1.153591
-0.213771 0.050046 1.223522
-0.203128 0.058397 1.253577
-0.202099 0.058479 1.338475
-0.201399 0.058097 1.399636
-0.207810 0.052347 1.437799
-0.202646 0.055885 1.455926
-0.205983 0.051451 1.512617
-0.200071 0.054179 1.552697
-0.200477 0.050236 1.613794
-0.244225 0.646379 -2.806441
-0.239362 0.644629 -2.792481
-0.236686 0.639260 -2.712965
-0.205754 0.637875 -2.674914
-0.235174 0.637242 -2.641539
-0.238800 0.636630 -2.590734
-0.229930 0.636402 -2.534053
-0.200673 0.636609 -2.466493
-0.234432 0.639770 -2.409484
-0.209123 0.641573 -2.372012
-0.216908 0.648908 -2.340049
-0.219916 0.651920 -2.824661
-0.246801 0.667855 -2.773436
-0.204259 0.668734 -2.743971
-0.210830 0.669909 -2.696724
-0.200373 0.670405 -2.616895
-0.221814 0.670296 -2.562573
-0.234663 0.670037 -2.507841
-0.249088 0.669336 -2.463318
-0.209798 0.669067 -2.433081
-0.200790 0.667793 -2.395929
-0.217735 0.659111 -2.342039
-0.152165 -0.450054 0.189587
-0.153701 -0.450747 0.233445
-0.152674 -0.451755 0.252672
-0.150566 -0.453956 0.300497
-0.160323 -0.450718 0.375050
-0.158895 -0.452091 0.418739
-0.150063 -0.457379 0.479337
-0.164294 -0.450499 0.521551
-0.158865 -0.454204 0.592105
-0.157587 -0.455040 0.606140
-0.166239 -0.451078 0.684958
-0.159305 -0.455649 0.745203
-0.150687 -0.460555 0.776281
-0.165716 -0.453054 0.828426
-0.156388 -0.458944 0.881824
-0.166391 -0.454154 0.932108
-0.171699 -0.451618 0.968508
-0.159988 -0.459292 1.025667
-0.164387 -0.458034 1.090504
-0.153282 -0.464603 1.122737
-0.158770 -0.462485 1.162605
-0.156061 -0.465619 1.249861
-0.181884 -0.451004 1.271825
-0.150463 -0.469890 1.323471
-0.182092 -0.452964 1.384690
-0.181363 -0.454121 1.427577
-0.176217 -0.457955 1.469641
-0.182258 -0.454838 1.528629
-0.182166 -0.455216 1.566207
-0.167029 -0.464650 1.615272
-0.165350 -0.465605 1.677251
-0.160105 -0.468155 1.736070
-0.152360 -0.471627 1.789788
-0.179053 -0.455609 1.834357
-0.154159 -0.469363 1.872880
-0.155323 -0.467726 1.927868
-0.158113 -0.464995 1.994399
-0.158001 -0.464750 2.011921
-0.168617 -0.457227 2.094158
-0.164425 -0.459232 2.126887
-0.166865 -0.457248 2.161426
-0.172376 -0.451987 2.214165
-0.166224 -0.451924 2.265251
-0.157947 -0.450936 2.322938
-0.150062 -0.450691 2.366143
-0.150132 -0.404831 -0.557811
-0.181041 -0.402684 -0.549603
-0.190190 -0.409469 -0.455086
-0.182736 -0.412908 -0.404703
-0.176063 -0.415780 -0.365979
-0.189667 -0.416976 -0.304422
-0.151612 -0.427486 -0.251371
-0.191207 -0.420828 -0.207042
-0.198239 -0.421801 -0.156238
-0.171131 -0.430084 -0.101522
-0.152651 -0.437199 -0.080004
-0.198529 -0.427314 -0.012743
-0.172677 -0.435730 0.027364
-0.153229 -0.445942 0.095491
-0.195055 -0.432439 0.135124
-0.191699 -0.434154 0.174075
-0.157353 -0.448637 0.218115
-0.175342 -0.442111 0.280747
-0.164489 -0.448103 0.339472
-0.173319 -0.444339 0.387020
-0.197471 -0.430858 0.442857
-0.189745 -0.435411 0.456985
-0.165993 -0.449415 0.506341
-0.191131 -0.434501 0.583099
-0.181661 -0.440874 0.600769
-0.196613 -0.431018 0.672921
-0.179110 -0.443434 0.706662
-0.185239 -0.439851 0.751090
-0.171301 -0.449926 0.840519
-0.180408 -0.444835 0.883269
-0.189772 -0.439238 0.928858
-0.184932 -0.443650 0.993263
-0.191811 -0.439814 1.042370
-0.184269 -0.445716 1.081846
-0.197722 -0.437328 1.133413
-0.190120 -0.443992 1.195966
-0.194869 -0.441310 1.228541
-0.195691 -0.441987 1.292744
-0.185023 -0.449869 1.319472
-0.198214 -0.441712 1.376306
-0.194356 -0.445063 1.409830
-0.196263 -0.444486 1.462407
-0.194597 -0.446426 1.523928
-0.198305 -0.444083 1.561092
-0.199560 -0.443463 1.648040
-0.198295 -0.444365 1.665062
-0.191606 -0.448774 1.726713
-0.193835 -0.446192 1.799413
-0.189650 -0.448839 1.817212
-0.189109 -0.447921 1.880364
-0.185623 -0.449339 1.926618
-0.186792 -0.447476 1.975689
-0.195922 -0.439464 2.036191
-0.182759 -0.448429 2.071006
-0.180950 -0.448685 2.129653
-0.185582 -0.444901 2.159648
-0.178167 -0.446790 2.232481
-0.180210 -0.439176 2.288394
-0.199091 -0.414704 2.323022
-0.197201 -0.403688 2.371563
-0.190106 -0.404303 2.401667
-0.167155 -0.416249 2.466057
-0.154768 -0.422086 2.500161
-0.152385 -0.401685 2.564826
-0.151929 -0.351594 -0.802725
-0.150917 -0.365261 -0.753264
-0.170040 -0.363786 -0.710529
-0.188198 -0.369291 -0.669369
-0.176876 -0.395292 -0.604384
-0.172348 -0.398914 -0.584542
-0.198577 -0.399353 2.377726
-0.184566 -0.397850 2.442006
-0.183562 -0.368271 2.485055
-0.169371 -0.387599 2.520610
-0.161939 -0.380888 2.554899
-0.157348 -0.300141 -1.001154
-0.153799 -0.311572 -0.968248
-0.164373 -0.310479 -0.917014
-0.163753 -0.315891 -0.897311
-0.176064 -0.313642 -0.842052
-0.188195 -0.313243 -0.783618
-0.184560 -0.332992 -0.747980
-0.198852 -0.345527 -0.688387
-0.192654 -0.300903 2.423061
-0.187235 -0.332897 2.469700
-0.168642 -0.338878 2.530282
-0.156928 -0.325633 2.550638
-0.154083 -0.256476 -1.205520
-0.152750 -0.261905 -1.191290
-0.164724 -0.257747 -1.138819
-0.172127 -0.257400 -1.093199
-0.177469 -0.267173 -1.017763
-0.165539 -0.293390 -0.984250
-0.185336 -0.278627 -0.916025
-0.177647 -0.296909 -0.896150
-0.195866 -0.283813 -0.823314
-0.198959 -0.295542 -0.772986
-0.198141 -0.257338 2.341931
-0.191208 -0.257221 2.357245
-0.162870 -0.271829 2.447027
-0.178035 -0.295118 2.453270
-0.157243 -0.296236 2.505669
-0.151584 -0.204245 -1.402279
-0.158974 -0.206437 -1.350872
-0.157789 -0.224233 -1.301489
-0.159834 -0.226198 -1.282716
-0.173307 -0.221123 -1.213856
-0.185241 -0.203199 -1.180515
-0.183615 -0.226465 -1.123584
-0.182167 -0.243754 -1.074480
-0.191576 -0.229795 -1.048736
-0.198389 -0.228421 -0.992079
-0.197863 -0.243915 -0.943230
-0.194043 -0.201807 2.246000
-0.184824 -0.218068 2.292954
-0.192784 -0.233543 2.308941
-0.167376 -0.236713 2.363683
-0.154848 -0.243755 2.402102
-0.154018 -0.154117 -1.515347
-0.152806 -0.183457 -1.454591
-0.158572 -0.183465 -1.417656
-0.172023 -0.162708 -1.370195
-0.176625 -0.171621 -1.318837
-0.185218 -0.159785 -1.272675
-0.186351 -0.171908 -1.242942
-0.190036 -0.182596 -1.191697
-0.198100 -0.177491 -1.130809
-0.199121 -0.190536 -1.093647
-0.183670 -0.161298 2.190160
-0.175476 -0.181227 2.234291
-0.157293 -0.195019 2.286318
-0.150670 -0.197838 2.301471
-0.151487 -0.100395 -1.600160
-0.151710 -0.108188 -1.594734
-0.159172 -0.142065 -1.500029
-0.164505 -0.125753 -1.479590
-0.170043 -0.115250 -1.441323
-0.176817 -0.135548 -1.371358
-0.182884 -0.144556 -1.312023
-0.185379 -0.140073 -1.295503
-0.194109 -0.138547 -1.218639
-0.199225 -0.139182 -1.168184
-0.199042 -0.101639 -1.138244
-0.174978 -0.105992 -1.068472
-0.185444 -0.109854 -1.011319
-0.157742 -0.110875 -0.974162
-0.167184 -0.113057 -0.945580
-0.186653 -0.118198 -0.850136
-0.171817 -0.119032 -0.811625
-0.188958 -0.120370 -0.788732
-0.194266 -0.121753 -0.736932
-0.180179 -0.122002 -0.670128
-0.185673 -0.122174 -0.643261
-0.177116 -0.121216 -0.573528
-0.188512 -0.120223 -0.511004
-0.192291 -0.119831 -0.493476
-0.155283 -0.114844 -0.415218
-0.174278 -0.114158 -0.386482
-0.175407 -0.103680 -0.312298
-0.186788 -0.102590 2.087371
-0.190651 -0.111433 2.106369
-0.185090 -0.139697 2.155919
-0.150081 -0.090490 -1.612960
-0.156445 -0.088228 -1.557788
-0.156487 -0.050311 -1.503025
-0.162298 -0.071720 -1.490157
-0.170870 -0.081590 -1.422780
-0.175655 -0.080405 -1.375938
-0.185419 -0.097693 -1.300152
-0.186788 -0.083946 -1.270422
-0.170218 -0.057639 -1.226901
-0.192993 -0.070563 -1.171008
-0.193410 -0.055661 -1.107822
-0.195482 -0.058888 -1.090830
-0.199497 -0.061887 -1.036987
-0.198641 -0.053140 -0.997933
-0.186297 -0.099798 -0.302045
-0.186827 -0.088899 -0.294933
-0.197266 -0.085485 2.048990
-0.170265 -0.089347 2.084492
-0.153680 -0.098471 2.113472
-0.150772 -0.042577 -1.537610
-0.152276 -0.028611 -1.472863
-0.160380 -0.036878 -1.421726
-0.170059 -0.047816 -1.359159
-0.166992 -0.025733 -1.302483
-0.163218 -0.013024 -1.274900
-0.168756 -0.014137 -1.213505
-0.182873 -0.037437 -1.167472
-0.199628 -0.045369 -1.134443
-0.172264 -0.044187 -1.084782
-0.176909 -0.009174 -1.030963
-0.197744 -0.039960 -0.973360
-0.168942 -0.039596 -0.934305
-0.190982 -0.020137 -0.856450
-0.193793 -0.020792 -0.812677
-0.175789 -0.034336 -0.756539
-0.189346 -0.032782 -0.716660
-0.191937 -0.004180 -0.690404
-0.172051 -0.031691 -0.643088
-0.178096 -0.029933 -0.562335
-0.168893 -0.029726 -0.514278
-0.166071 -0.029590 -0.471706
-0.192214 -0.028804 -0.441015
-0.156075 -0.033555 -0.353906
-0.152149 -0.036822 -0.330061
-0.183934 -0.049588 -0.295941
-0.184159 -0.004266 1.940745
-0.166902 -0.018000 1.978665
-0.173149 -0.042941 2.010758
-0.151595 0.001008 -1.316453
-0.153216 0.005644 -1.261781
-0.155791 0.005394 -1.231575
-0.151906 0.015786 -1.184252
-0.165381 0.003495 -1.106097
-0.157880 0.016656 -1.068236
-0.153942 0.023441 -1.033463
-0.169934 0.005751 -0.970315
-0.161496 0.018522 -0.944205
-0.158320 0.027258 -0.856337
-0.175565 0.009285 -0.804568
-0.174157 0.012012 -0.794693
-0.168847 0.025016 -0.717451
-0.190319 0.000873 -0.666781
-0.187191 0.009318 -0.629372
-0.166226 0.039319 -0.576799
-0.193367 0.010034 -0.540236
-0.199671 0.008274 -0.476206
-0.171809 0.043952 -0.448555
-0.180001 0.041958 -0.371562
-0.191111 0.032485 -0.343941
-0.199569 0.030851 -0.257343
-0.196072 0.035835 -0.244512
-0.190931 0.046507 -0.176810
-0.190368 0.049450 -0.143925
-0.199674 0.047064 -0.051272
-0.197981 0.049516 -0.038122
-0.199234 0.049394 1.636928
-0.198660 0.046268 1.676490
-0.191385 0.044396 1.738323
-0.175926 0.049274 1.776795
-0.194860 0.032577 1.803012
-0.164400 0.036198 1.898379
-0.186841 0.018907 1.910563
-0.158347 0.005175 1.950927
-0.152139 0.050505 -0.610622
-0.151678 0.053010 -0.581027
-0.150586 0.058159 -0.520489
-0.150862 0.062573 -0.451406
-0.162919 0.052991 -0.440899
-0.157045 0.063391 -0.362898
-0.150522 0.071615 -0.310656
-0.160080 0.066742 -0.272436
-0.167786 0.062738 -0.238891
-0.175978 0.060343 -0.171076
-0.188958 0.051712 -0.130271
-0.187157 0.057821 -0.060341
-0.187803 0.060624 -0.001014
-0.154918 0.084801 0.009839
-0.165223 0.079820 0.052635
-0.155906 0.087588 0.110559
-0.194916 0.062957 0.198094
-0.150792 0.093101 0.228581
-0.195766 0.064363 0.288847
-0.194529 0.065617 0.306862
-0.161592 0.088415 0.383371
-0.176779 0.079198 0.422358
-0.199179 0.063309 0.457832
-0.198785 0.063709 0.500296
-0.182667 0.075218 0.582552
-0.158188 0.089764 0.644943
-0.199202 0.063154 0.656855
-0.191405 0.068698 0.703178
-0.169793 0.082512 0.756343
-0.154102 0.090957 0.809136
-0.159456 0.087850 0.858164
-0.193743 0.066174 0.910136
-0.173348 0.079508 0.959256
-0.192730 0.066646 1.032231
-0.165945 0.083586 1.088829
-0.174228 0.078636 1.122835
-0.191725 0.067038 1.187183
-0.191691 0.066961 1.214078
-0.192349 0.066078 1.286936
-0.170480 0.079674 1.336358
-0.188827 0.067807 1.355400
-0.159318 0.084750 1.412285
-0.160574 0.082379 1.477668
-0.183260 0.066288 1.544291
-0.197427 0.055342 1.567735
-0.163776 0.074065 1.612298
-0.195752 0.050742 1.651212
-0.178109 0.055322 1.721321
-0.166499 0.051871 1.797105
-0.159378 0.054475 1.806090
-0.151600 0.050669 1.855231
-0.168315 0.649991 -2.809595
-0.168903 0.645466 -2.787829
-0.197301 0.640648 -2.739272
-0.150132 0.638044 -2.683577
-0.169954 0.636272 -2.611917
-0.183602 0.635925 -2.571965
-0.192541 0.635895 -2.529208
-0.164819 0.635742 -2.479892
-0.172877 0.637504 -2.410604
-0.173792 0.638276 -2.394298
-0.171206 0.642270 -2.343867
-0.182392 0.651217 -2.815707
-0.187405 0.668022 -2.756856
-0.170341 0.669525 -2.709629
-0.195202 0.670215 -2.666420
-0.180976 0.670435 -2.615206
-0.156890 0.670466 -2.571622
-0.164971 0.670315 -2.511736
-0.190757 0.669863 -2.464714
-0.192294 0.669316 -2.434340
-0.150835 0.668428 -2.385426
-0.157231 0.653787 -2.303846
-0.101779 -0.451124 -0.203545
-0.103978 -0.451509 -0.182932
-0.108045 -0.454304 -0.111312
-0.115456 -0.453231 -0.077538
-0.111780 -0.458779 -0.008831
-0.120280 -0.457716 0.038338
-0.114365 -0.462609 0.088045
-0.107225 -0.466551 0.115100
-0.112629 -0.467641 0.198276
-0.123429 -0.463458 0.203849
-0.119870 -0.466490 0.254255
-0.141606 -0.458784 0.327754
-0.106365 -0.474329 0.379890
-0.145626 -0.458458 0.408969
-0.103701 -0.476825 0.486374
-0.127426 -0.468190 0.507147
-0.116653 -0.473306 0.574558
-0.117852 -0.473443 0.628303
-0.140869 -0.464044 0.660228
-0.101388 -0.480342 0.741117
-0.118277 -0.475087 0.797071
-0.108481 -0.478846 0.818084
-0.136867 -0.468164 0.858580
-0.149215 -0.463316 0.928660
-0.120487 -0.476306 0.952353
-0.114274 -0.479584 1.012968
-0.100890 -0.485034 1.068978
-0.134913 -0.473192 1.116189
-0.130572 -0.476292 1.181621
-0.110932 -0.484436 1.213868
-0.129112 -0.478598 1.269317
-0.112449 -0.485839 1.315518
-0.141011 -0.475657 1.394018
-0.135444 -0.478285 1.402292
-0.126501 -0.483212 1.485418
-0.145975 -0.474867 1.505477
-0.149250 -0.473721 1.551906
-0.128695 -0.483357 1.616703
-0.118462 -0.487383 1.680378
-0.133961 -0.481063 1.704471
-0.106128 -0.491287 1.754520
-0.141644 -0.476429 1.820185
-0.100992 -0.491466 1.868974
-0.133460 -0.478411 1.922030
-0.128912 -0.479284 1.983617
-0.102027 -0.488619 2.016371
-0.117821 -0.482130 2.076148
-0.107559 -0.485327 2.103379
-0.131515 -0.475096 2.170799
-0.137421 -0.470963 2.218045
-0.126576 -0.473134 2.262270
-0.137270 -0.463779 2.315705
-0.103284 -0.471841 2.395947
-0.118941 -0.460486 2.438333
-0.124009 -0.450492 2.493990
-0.105084 -0.459619 2.510455
-0.104963 -0.453315 2.561511
-0.102711 -0.400509 -0.721409
-0.102717 -0.410230 -0.658758
-0.131480 -0.403838 -0.609139
-0.109112 -0.419961 -0.557721
-0.113352 -0.418787 -0.549740
-0.104863 -0.428404 -0.495426
-0.114055 -0.428147 -0.449185
-0.148364 -0.421136 -0.369323
-0.120232 -0.434149 -0.335061
-0.119786 -0.439363 -0.262210
-0.137755 -0.433117 -0.239201
-0.119825 -0.443972 -0.191842
-0.134212 -0.443103 -0.105578
-0.126295 -0.448503 -0.075734
-0.136001 -0.445874 -0.047781
-0.140670 -0.446996 0.007498
-0.141030 -0.449856 0.065683
-0.148310 -0.449135 0.120499
-0.145009 -0.449671 2.399145
-0.142874 -0.446825 2.429529
-0.147963 -0.435674 2.471460
-0.125912 -0.445660 2.517155
-0.135015 -0.420451 2.590284
-0.114124 -0.433213 2.633346
-0.110086 -0.429342 2.664664
-0.100519 -0.415695 2.734674
-0.103489 -0.354899 -0.963413
-0.107348 -0.362950 -0.909353
-0.124652 -0.359434 -0.867468
-0.142530 -0.350365 -0.842993
-0.142882 -0.362417 -0.789368
-0.132558 -0.388279 -0.700803
-0.119720 -0.398194 -0.681172
-0.149422 -0.393385 -0.637006
-0.149496 -0.398152 2.581877
-0.140158 -0.382023 2.630367
-0.127023 -0.353702 2.661800
-0.102230 -0.382700 2.747290
-0.101205 -0.384844 2.750615
-0.102089 -0.306756 -1.211552
-0.107766 -0.312312 -1.165133
-0.114783 -0.317867 -1.112548
-0.126219 -0.319615 -1.058888
-0.117026 -0.338141 -1.002684
-0.132072 -0.334328 -0.961899
-0.127678 -0.346657 -0.919014
-0.148228 -0.338960 -0.870576
-0.146454 -0.348960 -0.834009
-0.149813 -0.303296 2.535390
-0.117989 -0.300486 2.598758
-0.127119 -0.338617 2.644904
-0.114028 -0.346446 2.687408
-0.100341 -0.345798 2.718198
-0.104606 -0.262156 -1.407933
-0.105599 -0.267888 -1.379132
-0.132997 -0.254824 -1.319455
-0.107505 -0.293382 -1.256387
-0.144593 -0.265907 -1.217835
-0.148918 -0.268628 -1.184323
-0.144109 -0.286387 -1.132712
-0.144468 -0.299921 -1.069627
-0.149374 -0.252267 2.431463
-0.130620 -0.264554 2.493712
-0.141101 -0.284881 2.519307
-0.113923 -0.296521 2.597960
-0.112064 -0.299539 2.608116
-0.101795 -0.202236 -1.661346
-0.112874 -0.202137 -1.613115
-0.111845 -0.209727 -1.590153
-0.101094 -0.234576 -1.537727
-0.137007 -0.210526 -1.464069
-0.130903 -0.224396 -1.446628
-0.148157 -0.213614 -1.392441
-0.138793 -0.242249 -1.340660
-0.145789 -0.245623 -1.291921
-0.138274 -0.203140 2.330332
-0.140271 -0.224378 2.379780
-0.137727 -0.243468 2.430706
-0.110254 -0.244709 2.475291
-0.104952 -0.153085 -1.813663
-0.112535 -0.156747 -1.763462
-0.102676 -0.180793 -1.734476
-0.118352 -0.171150 -1.689486
-0.128071 -0.181362 -1.606105
-0.130264 -0.186342 -1.578781
-0.140495 -0.180016 -1.539312
-0.149065 -0.185344 -1.472726
-0.148867 -0.195592 -1.444567
-0.100495 -0.152567 2.248417
-0.137293 -0.171432 2.258411
-0.134752 -0.196746 2.319196
-0.108049 -0.199225 2.355708
-0.100293 -0.111690 -1.951144
-0.107093 -0.107449 -1.918996
-0.108692 -0.132991 -1.850278
-0.120360 -0.116713 -1.814907
-0.117935 -0.143690 -1.769536
-0.126647 -0.149181 -1.703925
-0.142637 -0.102448 -1.670462
-0.142356 -0.125236 -1.647861
-0.148121 -0.130123 -1.598892
-0.137014 -0.101264 -1.112280
-0.144290 -0.105328 -1.055062
-0.126100 -0.106473 -1.004414
-0.136133 -0.108345 -0.995829
-0.116217 -0.109389 -0.913828
-0.105154 -0.107142 -0.873782
-0.138560 -0.116074 -0.833793
-0.141988 -0.118531 -0.765137
-0.109967 -0.113746 -0.706207
-0.120245 -0.116378 -0.682009
-0.107461 -0.112331 -0.638559
-0.128271 -0.117413 -0.565214
-0.104927 -0.108408 -0.502128
-0.128437 -0.114369 -0.458313
-0.117157 -0.109808 -0.414728
-0.118827 -0.109015 -0.397301
-0.132098 -0.104175 -0.337112
-0.125469 -0.105202 2.146003
-0.129461 -0.131077 2.189739
-0.104379 -0.128804 2.201329
-0.101854 -0.051494 -2.013113
-0.103390 -0.066185 -1.999971
-0.114573 -0.070704 -1.909111
-0.115546 -0.090804 -1.887799
-0.123634 -0.062711 -1.830267
-0.130253 -0.063172 -1.771917
-0.137023 -0.097088 -1.718240
-0.140576 -0.078524 -1.691269
-0.143951 -0.051009 -1.625753
-0.148573 -0.052986 -1.585959
-0.136708 -0.076920 -1.218351
-0.114264 -0.088061 -1.196226
-0.146459 -0.099989 -1.136998
-0.108652 -0.099206 -1.072301
-0.106451 -0.050907 -1.048934
-0.101167 -0.051320 -0.952527
-0.101502 -0.050369 -0.915529
-0.100282 -0.050706 -0.894115
-0.107126 -0.051990 -0.353216
-0.128345 -0.094343 -0.321417
-0.142626 -0.050006 2.047932
-0.107095 -0.051535 2.073657
-0.112669 -0.097487 2.141490
-0.100147 -0.043791 -2.022679
-0.102764 -0.029397 -1.972929
-0.111645 -0.046227 -1.921203
-0.112975 -0.023592 -1.852229
-0.113802 -0.025223 -1.849660
-0.121975 -0.034775 -1.798128
-0.116696 -0.008718 -1.746611
-0.133827 -0.040350 -1.697284
-0.132889 -0.021687 -1.641480
-0.136140 -0.016473 -1.584432
-0.142881 -0.020383 -1.533545
-0.144614 -0.013469 -1.481454
-0.146712 -0.005900 -1.416256
-0.148035 -0.003373 -1.386106
-0.137320 -0.048991 -1.165155
-0.116817 -0.049311 -1.105972
-0.129471 -0.046704 -1.078471
-0.118570 -0.047498 -1.043027
-0.121283 -0.045339 -0.977555
-0.132399 -0.041823 -0.925792
-0.130839 -0.040136 -0.857935
-0.103910 -0.046787 -0.801589
-0.147885 -0.036910 -0.788534
-0.100905 -0.047484 -0.737000
-0.138036 -0.034519 -0.658503
-0.129429 -0.034177 -0.603014
-0.136856 -0.033012 -0.575126
-0.143095 -0.031611 -0.511623
-0.112827 -0.036698 -0.474787
-0.110064 -0.037488 -0.425575
-0.108312 -0.042355 -0.371293
-0.113846 -0.043569 -0.347570
-0.139135 -0.010291 1.989869
-0.131333 -0.018083 2.007376
-0.126605 -0.044635 2.051171
-0.101319 0.006625 -1.815036
-0.106157 0.005711 -1.769681
-0.105074 0.013548 -1.722913
-0.111693 0.013004 -1.657509
-0.116116 0.008472 -1.644861
-0.103636 0.031222 -1.580866
-0.126150 0.010992 -1.521242
-0.110779 0.033989 -1.480125
-0.135284 0.009354 -1.436404
-0.106720 0.045834 -1.390927
-0.128199 0.033061 -1.301484
-0.139988 0.020456 -1.291250
-0.135317 0.032561 -1.219761
-0.127565 0.043733 -1.171843
-0.133736 0.039675 -1.141089
-0.141774 0.036002 -1.053789
-0.139155 0.040330 -1.011317
-0.145226 0.034799 -0.996018
-0.135689 0.047033 -0.917678
-0.134727 0.048784 -0.896084
-0.149014 0.040247 -0.806244
-0.143437 0.048624 -0.756256
-0.147231 0.047778 -0.715608
-0.149068 0.048796 -0.675433
-0.148402 0.047954 1.881160
-0.139355 0.044045 1.909149
-0.110063 0.020181 1.962620
-0.105011 0.050223 -1.353967
-0.100282 0.055764 -1.328753
-0.107354 0.054998 -1.262307
-0.116472 0.051577 -1.202664
-0.111284 0.058206 -1.156176
-0.110966 0.059920 -1.122935
-0.123812 0.050833 -1.098840
-0.122261 0.055031 -1.016217
-0.118889 0.059181 -0.963467
-0.103743 0.069893 -0.948828
-0.133002 0.050752 -0.885438
-0.113240 0.068566 -0.820906
-0.114981 0.070773 -0.752970
-0.128892 0.061181 -0.748389
-0.147677 0.051408 -0.655649
-0.108405 0.082218 -0.612349
-0.114774 0.079504 -0.593445
-0.103432 0.088187 -0.548351
-0.142820 0.066281 -0.491878
-0.145126 0.068408 -0.429798
-0.149039 0.067479 -0.397125
-0.143120 0.076640 -0.313515
-0.106450 0.098451 -0.288109
-0.124966 0.091090 -0.244558
-0.148390 0.080337 -0.178093
-0.142133 0.086986 -0.120793
-0.139866 0.091004 -0.057280
-0.149921 0.086894 -0.014521
-0.141520 0.093335 0.030963
-0.130627 0.099690 0.055809
-0.137376 0.097659 0.105106
-0.143198 0.096288 0.178193
-0.142013 0.097915 0.242268
-0.149991 0.093982 0.261361
-0.145029 0.097158 0.326837
-0.146568 0.096541 0.363951
-0.146676 0.096572 0.408192
-0.147231 0.096253 0.467915
-0.146231 0.096658 0.504546
-0.142778 0.098153 0.553370
-0.145945 0.096285 0.614981
-0.138411 0.099548 0.667077
-0.141562 0.097850 0.701720
-0.149135 0.093575 0.795042
-0.137335 0.098960 0.832171
-0.145579 0.094930 0.866624
-0.137275 0.098547 0.927156
-0.145253 0.094642 0.992290
-0.145996 0.094217 1.020072
-0.134022 0.099515 1.098704
-0.149356 0.092347 1.117081
-0.141187 0.096052 1.184512
-0.140457 0.096324 1.201702
-0.142349 0.095044 1.272741
-0.144079 0.093773 1.324624
-0.136045 0.096654 1.381969
-0.148872 0.090301 1.402742
-0.148280 0.088244 1.491502
-0.136283 0.092549 1.524520
-0.148831 0.084357 1.572572
-0.149197 0.080947 1.622561
-0.132051 0.085672 1.660756
-0.149537 0.068328 1.745211
-0.113682 0.078852 1.779809
-0.115770 0.073590 1.810596
-0.110443 0.067863 1.858127
-0.116097 0.050022 1.914954
-0.102780 0.100867 -0.268608
-0.107243 0.100143 -0.236937
-0.104207 0.103132 -0.193268
-0.114882 0.100624 -0.135475
-0.119189 0.100854 -0.075894
-0.119037 0.102665 -0.024851
-0.115410 0.105282 0.008366
-0.101186 0.111989 0.051243
-0.112926 0.109458 0.143125
-0.103191 0.113322 0.156032
-0.120165 0.107890 0.238797
-0.128806 0.104531 0.275859
-0.125117 0.106425 0.323536
-0.115589 0.110367 0.391620
-0.105915 0.113742 0.447460
-0.137446 0.100915 0.497677
-0.135332 0.101790 0.519056
-0.115568 0.109701 0.565720
-0.121726 0.106908 0.630207
-0.128689 0.103659 0.689778
-0.105006 0.112342 0.715597
-0.114404 0.108741 0.761509
-0.122301 0.105470 0.803468
-0.118724 0.106512 0.859380
-0.102530 0.111808 0.933738
-0.123997 0.103969 0.983737
-0.109742 0.109071 1.045174
-0.128381 0.102004 1.057532
-0.129602 0.101308 1.132503
-0.121123 0.104607 1.162761
-0.101172 0.111391 1.201925
-0.119301 0.104798 1.264907
-0.125215 0.102149 1.308707
-0.115190 0.105158 1.372250
-0.110814 0.106087 1.406944
-0.105747 0.106560 1.457996
-0.105044 0.104946 1.512233
-0.107827 0.100460 1.584789
-0.101177 0.101185 1.606913
-0.147271 0.648586 -2.800586
-0.143937 0.645551 -2.784372
-0.102090 0.641632 -2.743417
-0.108810 0.638462 -2.693780
-0.124777 0.636391 -2.631983
-0.121726 0.635444 -2.581217
-0.126829 0.635040 -2.517234
-0.109026 0.634811 -2.495706
-0.103366 0.635119 -2.440298
-0.107059 0.637805 -2.356627
-0.146208 0.641967 -2.331669
-0.115860 0.649873 -2.284348
-0.108519 0.659781 -2.801383
-0.123868 0.661916 -2.797745
-0.128147 0.669142 -2.715237
-0.103769 0.669691 -2.688295
-0.148207 0.670485 -2.611000
-0.149493 0.670483 -2.572497
-0.107525 0.670489 -2.519497
-0.114283 0.670410 -2.495127
-0.142621 0.669797 -2.434139
-0.111786 0.668602 -2.371177
-0.148155 0.666240 -2.347811
-0.101203 0.662122 -2.293828
-0.050491 -0.500481 1.281482
-0.059197 -0.500291 1.347398
-0.057255 -0.501023 1.370652
-0.055904 -0.502360 1.443004
-0.066141 -0.501168 1.494612
-0.055870 -0.503400 1.533094
-0.058105 -0.503185 1.552557
-0.053020 -0.504359 1.615383
-0.069124 -0.501533 1.667394
-0.070320 -0.501093 1.725142
-0.061092 -0.502710 1.750059
-0.061085 -0.501925 1.824265
-0.064219 -0.500639 1.872918
-0.054932 -0.501689 1.908856
-0.056305 -0.500217 1.980814
-0.050930 -0.500132 2.031878
-0.050353 -0.450924 -0.453383
-0.052383 -0.451892 -0.434262
-0.052940 -0.454478 -0.395330
-0.073342 -0.454777 -0.307342
-0.090286 -0.451114 -0.275386
-0.066241 -0.462181 -0.213106
-0.066505 -0.464172 -0.176372
-0.051786 -0.469296 -0.141389
-0.094379 -0.460319 -0.097608
-0.064706 -0.473702 -0.005256
-0.098681 -0.464510 0.005611
-0.085466 -0.472908 0.095273
-0.092085 -0.472731 0.141307
-0.065771 -0.481093 0.186163
-0.065541 -0.481939 0.213201
-0.085705 -0.478625 0.274466
-0.088310 -0.479236 0.337606
-0.090579 -0.479535 0.392063
-0.093921 -0.479234 0.436658
-0.078362 -0.483701 0.455444
-0.060303 -0.488136 0.504390
-0.051644 -0.490210 0.561613
-0.063431 -0.488736 0.618444
-0.067131 -0.488577 0.677619
-0.055244 -0.491364 0.741370
-0.054838 -0.491830 0.781403
-0.073319 -0.488561 0.806582
-0.072591 -0.489384 0.863894
-0.090929 -0.485987 0.947257
-0.085407 -0.488050 0.985227
-0.096895 -0.485808 1.043451
-0.083314 -0.489681 1.051232
-0.068400 -0.494453 1.128595
-0.080657 -0.492886 1.190572
-0.091455 -0.491022 1.239987
-0.095335 -0.490714 1.281773
-0.083788 -0.494667 1.325369
-0.098659 -0.491350 1.371597
-0.099663 -0.492045 1.435226
-0.099085 -0.492944 1.491158
-0.083228 -0.497705 1.526926
-0.083468 -0.498118 1.591671
-0.088398 -0.496998 1.644877
-0.089184 -0.496731 1.692159
-0.091044 -0.496113 1.718298
-0.080938 -0.498267 1.777939
-0.073272 -0.499183 1.846756
-0.079097 -0.497698 1.856547
-0.097012 -0.491688 1.929044
-0.081811 -0.494656 1.997996
-0.060484 -0.498554 2.033344
-0.099416 -0.488330 2.080558
-0.076293 -0.493786 2.119002
-0.083792 -0.490815 2.179888
-0.066451 -0.493952 2.203131
-0.070352 -0.490092 2.272840
-0.077203 -0.484733 2.335579
-0.090635 -0.479514 2.355987
-0.097558 -0.470747 2.434087
-0.097053 -0.467146 2.475227
-0.099023 -0.458926 2.543981
-0.098653 -0.453588 2.588022
-0.072841 -0.462047 2.630822
-0.070445 -0.457491 2.681050
-0.068754 -0.451104 2.733599
-0.063055 -0.451091 2.755559
-0.060856 -0.404743 -0.801499
-0.056218 -0.406588 -0.799000
-0.072948 -0.414768 -0.716715
-0.055054 -0.424809 -0.687738
-0.082994 -0.425304 -0.614740
-0.093133 -0.425253 -0.578883
-0.094962 -0.428008 -0.546278
-0.055094 -0.447998 -0.477208
-0.083700 -0.443121 -0.428746
-0.095008 -0.444213 -0.353265
-0.096586 -0.445338 -0.327278
-0.098222 -0.447022 -0.291589
-0.091400 -0.449384 2.649123
-0.094911 -0.443621 2.667381
-0.094896 -0.431018 2.719723
-0.093927 -0.412378 2.761124
-0.076533 -0.409760 2.813148
-0.052236 -0.416372 2.865809
-0.054937 -0.351258 -1.102749
-0.061170 -0.357917 -1.055414
-0.074276 -0.361728 -1.007439
-0.063954 -0.367942 -0.995853
-0.077728 -0.374749 -0.929774
-0.081055 -0.383362 -0.876313
-0.081405 -0.390549 -0.837116
-0.096147 -0.399027 -0.750480
-0.099587 -0.397420 -0.749469
-0.097358 -0.359701 2.742780
-0.094394 -0.370727 2.760472
-0.061071 -0.357932 2.809532
-0.060244 -0.399231 2.850337
-0.056335 -0.301784 -1.358000
-0.050193 -0.309971 -1.328207
-0.083074 -0.301907 -1.293425
-0.067410 -0.323835 -1.222418
-0.052680 -0.342068 -1.155915
-0.096950 -0.328926 -1.118162
-0.089379 -0.344496 -1.060282
-0.094447 -0.345832 -1.038674
-0.098285 -0.303529 2.642049
-0.074388 -0.308966 2.692626
-0.092748 -0.340580 2.726036
-0.072282 -0.341640 2.765077
-0.052592 -0.250539 -1.610937
-0.051904 -0.261114 -1.563676
-0.060285 -0.262322 -1.540088
-0.057120 -0.276111 -1.482159
-0.091965 -0.272273 -1.406712
-0.090957 -0.285146 -1.350433
-0.094046 -0.286797 -1.332935
-0.091959 -0.299438 -1.279393
-0.076739 -0.252529 2.537818
-0.088172 -0.274185 2.584407
-0.059097 -0.279236 2.632352
-0.074762 -0.296473 2.661081
-0.054387 -0.200824 -1.821367
-0.063469 -0.211027 -1.756827
-0.081235 -0.206960 -1.720353
-0.083931 -0.217531 -1.668940
-0.054394 -0.245253 -1.631006
-0.089938 -0.230401 -1.595623
-0.093738 -0.248350 -1.506707
-0.097285 -0.248383 -1.494048
-0.078187 -0.203477 2.394688
-0.062519 -0.210132 2.425349
-0.083647 -0.234341 2.478438
-0.055691 -0.241351 2.523529
-0.053709 -0.155810 -2.000652
-0.070243 -0.150040 -1.972040
-0.070366 -0.167725 -1.907073
-0.077905 -0.166299 -1.886438
-0.076646 -0.178255 -1.846701
-0.069651 -0.196561 -1.798229
-0.096808 -0.187708 -1.735376
-0.096348 -0.198797 -1.696470
-0.085915 -0.167961 2.293236
-0.066047 -0.174733 2.322189
-0.087307 -0.194420 2.362002
-0.051255 -0.199998 2.401792
-0.050202 -0.100866 -2.206589
-0.053908 -0.114164 -2.150721
-0.051955 -0.122206 -2.128501
-0.074886 -0.112840 -2.077775
-0.084828 -0.106839 -2.048073
-0.077388 -0.148170 -1.952550
-0.096271 -0.137020 -1.905278
-0.095195 -0.143930 -1.889686
-0.099312 -0.101735 -0.907344
-0.099161 -0.103449 -0.853625
-0.099884 -0.105562 -0.823483
-0.098082 -0.102600 -0.796371
-0.097690 -0.102728 -0.747972
-0.098898 -0.105606 -0.673730
-0.099037 -0.105684 -0.624014
-0.097572 -0.101764 -0.572574
-0.099588 -0.105183 -0.522744
-0.098540 -0.100941 -0.456301
-0.099467 -0.102619 -0.448330
-0.085017 -0.102646 2.169949
-0.069397 -0.128424 2.215232
-0.069988 -0.147593 2.253433
-0.055825 -0.060790 -2.305077
-0.059217 -0.056872 -2.299076
-0.060469 -0.084239 -2.222616
-0.077811 -0.071283 -2.169798
-0.082096 -0.068269 -2.149300
-0.090069 -0.070101 -2.094230
-0.097252 -0.094921 -2.005780
-0.098577 -0.099764 -1.987767
-0.099322 -0.067191 -1.157640
-0.098742 -0.091682 -1.117484
-0.096618 -0.075402 -1.062686
-0.096618 -0.059742 -1.048535
-0.099890 -0.052796 -0.988427
-0.096618 -0.083929 -0.946550
-0.096618 -0.066205 -0.858307
-0.096618 -0.074433 -0.813020
-0.096618 -0.061955 -0.776995
-0.096618 -0.078450 -0.719359
-0.096618 -0.085724 -0.673892
-0.096618 -0.095780 -0.625352
-0.096618 -0.084107 -0.569159
-0.096618 -0.077244 -0.515273
-0.096618 -0.091538 -0.474892
-0.096619 -0.096669 -0.445644
-0.099534 -0.083142 -0.385548
-0.061074 -0.050170 2.089152
-0.068111 -0.088720 2.146201
-0.058656 -0.090701 2.151903
-0.050246 -0.004822 -2.422994
-0.057013 -0.024064 -2.367131
-0.062625 -0.045517 -2.304182
-0.070112 -0.015884 -2.260167
-0.073738 -0.009679 -2.208634
-0.082907 -0.036622 -2.167592
-0.091194 -0.044403 -2.100853
-0.091711 -0.028881 -2.079122
-0.088062 -0.007440 -2.045081
-0.095989 -0.015137 -1.994994
-0.097270 -0.002083 -1.915880
-0.099939 -0.003713 -1.896637
-0.099937 -0.049112 -0.791591
-0.099707 -0.048159 -0.725104
-0.098946 -0.048178 -0.636913
-0.099358 -0.045978 -0.563363
-0.099713 -0.044531 -0.516561
-0.097267 -0.049727 -0.471995
-0.099634 -0.044330 -0.449145
-0.073424 -0.012238 2.027304
-0.065283 -0.038601 2.070224
-0.050847 0.005388 -2.402545
-0.052324 0.010473 -2.364567
-0.060514 0.002932 -2.304477
-0.056881 0.014687 -2.271189
-0.064576 0.010784 -2.202894
-0.058222 0.021939 -2.171838
-0.070431 0.009068 -2.143981
-0.050671 0.033870 -2.097110
-0.053776 0.036601 -2.023016
-0.089993 0.000386 -1.980259
-0.091272 0.006368 -1.925924
-0.073742 0.031140 -1.886803
-0.089459 0.020606 -1.828753
-0.082110 0.033650 -1.773347
-0.086818 0.031672 -1.747015
-0.080974 0.042589 -1.681734
-0.091309 0.040356 -1.607705
-0.082500 0.048668 -1.593081
-0.088458 0.049465 -1.527245
-0.095287 0.046485 -1.497929
-0.099817 0.048706 -1.426222
-0.085363 0.047084 1.932235
-0.069853 0.026693 1.968949
-0.068265 0.006287 2.000654
-0.052423 0.050773 -1.829648
-0.058078 0.051712 -1.769009
-0.050660 0.057799 -1.740547
-0.067483 0.054317 -1.653093
-0.068812 0.055555 -1.624657
-0.058808 0.065388 -1.563723
-0.073154 0.059826 -1.527761
-0.062270 0.068780 -1.483858
-0.074052 0.065851 -1.431437
-0.080684 0.065244 -1.381616
-0.094637 0.059327 -1.335696
-0.071188 0.076670 -1.272540
-0.091978 0.068094 -1.219551
-0.077917 0.077094 -1.193368
-0.056650 0.088686 -1.105360
-0.088802 0.075587 -1.070381
-0.085381 0.078662 -1.012542
-0.086026 0.079113 -0.975412
-0.099369 0.072917 -0.934217
-0.089344 0.079895 -0.883708
-0.062033 0.093260 -0.824767
-0.098938 0.079416 -0.772384
-0.056920 0.099571 -0.705480
-0.082625 0.090846 -0.696678
-0.080476 0.095873 -0.606911
-0.074792 0.098940 -0.586629
-0.097219 0.093539 -0.500176
-0.093644 0.095315 -0.496942
-0.089171 0.099519 -0.443962
-0.095730 0.098943 -0.391850
-0.099811 0.098998 -0.347609
-0.097436 0.099897 1.639608
-0.099878 0.097880 1.654883
-0.061629 0.096751 1.749917
-0.077545 0.088718 1.784128
-0.084589 0.081863 1.817294
-0.058345 0.079566 1.860332
-0.083150 0.066265 1.900455
-0.051493 0.100787 -0.711511
-0.054663 0.102361 -0.653797
-0.059807 0.102366 -0.619859
-0.058865 0.104268 -0.580774
-0.056260 0.108075 -0.501997
-0.051757 0.109458 -0.494024
-0.050519 0.111688 -0.439384
-0.066557 0.109436 -0.388549
-0.081210 0.107726 -0.307557
-0.063295 0.114532 -0.260308
-0.093324 0.106589 -0.217331
-0.079747 0.112079 -0.192236
-0.068459 0.116602 -0.148843
-0.087317 0.113192 -0.080030
-0.078244 0.117209 -0.033835
-0.080460 0.118144 0.030374
-0.064388 0.123081 0.079478
-0.062288 0.124262 0.126382
-0.083271 0.119635 0.157875
-0.092283 0.117690 0.218091
-0.097277 0.116391 0.250225
-0.055839 0.126817 0.331666
-0.074784 0.122889 0.386374
-0.092316 0.118144 0.426451
-0.057976 0.125890 0.484023
-0.092984 0.117391 0.536811
-0.073697 0.121970 0.592918
-0.098483 0.115047 0.634273
-0.052046 0.125546 0.658161
-0.097392 0.114816 0.707785
-0.080057 0.119035 0.775253
-0.050725 0.124256 0.849180
-0.050590 0.124050 0.887702
-0.056552 0.122826 0.948667
-0.088530 0.115700 0.996615
-0.069779 0.120109 1.017683
-0.083691 0.116757 1.071508
-0.099874 0.112016 1.142715
-0.094316 0.113539 1.180524
-0.077085 0.117888 1.208972
-0.096125 0.112476 1.277456
-0.093024 0.112713 1.343037
-0.058916 0.119659 1.394711
-0.061730 0.118385 1.431034
-0.050524 0.118914 1.477895
-0.098711 0.105283 1.549469
-0.089801 0.107081 1.564197
-0.063855 0.108206 1.637219
-0.050188 0.106874 1.677962
-0.052008 0.101528 1.724667
-0.089278 0.642656 -2.752749
-0.058787 0.640953 -2.730061
-0.074883 0.638522 -2.693673
-0.088942 0.636196 -2.630857
-0.091343 0.635283 -2.586538
-0.075302 0.634456 -2.521155
-0.067571 0.634359 -2.456699
-0.071933 0.634543 -2.442118
-0.067262 0.636098 -2.365270
-0.062484 0.638887 -2.311632
-0.060295 0.642296 -2.280179
-0.092454 0.658233 -2.800942
-0.077949 0.666004 -2.760459
-0.069462 0.668204 -2.726240
-0.091167 0.669368 -2.699045
-0.088893 0.670429 -2.630355
-0.073696 0.670624 -2.553234
-0.095450 0.670496 -2.508332
-0.060249 0.670427 -2.455738
-0.087880 0.669738 -2.402609
-0.072480 0.668660 -2.353721
-0.079615 0.664954 -2.301430
-0.064043 0.664501 -2.290020
-0.052259 0.651653 -2.249043
-0.017010 -0.752553 2.247211
-0.011847 -0.753471 2.288241
-0.002317 -0.704789 2.182992
-0.020068 -0.732981 2.229976
-0.020596 -0.728369 2.274251
-0.016165 -0.719698 2.332909
-0.015577 -0.683282 2.178371
-0.020339 -0.650676 2.218540
-0.008174 -0.669170 2.267469
-0.019278 -0.651715 2.339450
-0.012670 -0.670105 2.350871
-0.012052 -0.624332 2.188413
-0.020368 -0.620721 2.216975
-0.008174 -0.649027 2.286188
-0.013749 -0.648933 2.348087
-0.012024 -0.576205 2.242482
-0.009360 -0.581796 2.267777
-0.008737 -0.596708 2.312577
-0.010171 -0.500598 1.096385
-0.023060 -0.500048 1.101490
-0.005085 -0.502010 1.166450
-0.041192 -0.500910 1.238632
-0.035691 -0.502299 1.279035
-0.027000 -0.504299 1.344821
-0.032668 -0.504112 1.362516
-0.039272 -0.504105 1.404689
-0.039404 -0.505220 1.488122
-0.031697 -0.506401 1.524524
-0.010788 -0.507938 1.551149
-0.047707 -0.505167 1.625031
-0.003720 -0.508522 1.655398
-0.017779 -0.507911 1.715923
-0.009021 -0.507851 1.774065
-0.043019 -0.504354 1.848205
-0.037902 -0.504897 1.852471
-0.022644 -0.505135 1.922049
-0.021090 -0.504429 1.967955
-0.042935 -0.500941 2.046893
-0.008516 -0.502836 2.081313
-0.000384 -0.502414 2.108470
-0.006309 -0.500610 2.186374
-0.011211 -0.505281 2.247409
-0.014402 -0.546854 2.251870
-0.017551 -0.451938 -0.500996
-0.016083 -0.453753 -0.479613
-0.003866 -0.458495 -0.421598
-0.038301 -0.459411 -0.360470
-0.005568 -0.465248 -0.309554
-0.016895 -0.466407 -0.278771
-0.004074 -0.468825 -0.243441
-0.031831 -0.471172 -0.162718
-0.008913 -0.474011 -0.141052
-0.047697 -0.472467 -0.095351
-0.013199 -0.480390 -0.008136
-0.015326 -0.480842 0.004334
-0.005298 -0.484100 0.072985
-0.024157 -0.485592 0.139773
-0.046226 -0.484253 0.175175
-0.003268 -0.488841 0.217042
-0.006205 -0.490395 0.286274
-0.001639 -0.491210 0.325616
-0.008117 -0.492143 0.391898
-0.023696 -0.491725 0.417758
-0.013463 -0.492776 0.454390
-0.018440 -0.493380 0.530616
-0.043616 -0.491609 0.587469
-0.020713 -0.494358 0.646693
-0.010315 -0.495087 0.672068
-0.048782 -0.492421 0.748145
-0.003929 -0.496279 0.781646
-0.016009 -0.496200 0.810366
-0.006620 -0.497085 0.859417
-0.048636 -0.494197 0.902775
-0.026460 -0.497524 0.964783
-0.013931 -0.499167 1.021186
-0.007359 -0.499968 1.055742
-0.041817 -0.498745 1.127985
-0.035381 -0.499976 1.155028
-0.048953 -0.499217 1.203343
-0.044722 -0.499864 2.091573
-0.042563 -0.499074 2.144927
-0.017285 -0.499834 2.199931
-0.008016 -0.499128 2.229548
-0.015001 -0.496917 2.274066
-0.023802 -0.492858 2.341939
-0.048680 -0.487905 2.378358
-0.019175 -0.488113 2.431076
-0.025238 -0.485884 2.460805
-0.010964 -0.483090 2.524032
-0.021717 -0.479684 2.567669
-0.012942 -0.475950 2.638591
-0.020148 -0.471601 2.694477
-0.021466 -0.470035 2.714058
-0.012647 -0.464025 2.796337
-0.011586 -0.463123 2.805140
-0.009879 -0.452211 2.868107
-0.029555 -0.400370 -0.867262
-0.003685 -0.412093 -0.814241
-0.030825 -0.412613 -0.796914
-0.005580 -0.425399 -0.732831
-0.019329 -0.433844 -0.668561
-0.033905 -0.436247 -0.636169
-0.005641 -0.446839 -0.564744
-0.043708 -0.448348 -0.502566
-0.049925 -0.449390 -0.474490
-0.001133 -0.449507 2.239411
-0.043524 -0.444943 2.840861
-0.035915 -0.403351 2.894209
-0.031943 -0.423613 2.901087
-0.010404 -0.350039 -1.160244
-0.038122 -0.353024 -1.119065
-0.006769 -0.362432 -1.092384
-0.041436 -0.365307 -1.047435
-0.047861 -0.374539 -0.987665
-0.024361 -0.388677 -0.936079
-0.033192 -0.399772 -0.867199
-0.039420 -0.363607 2.845530
-0.018755 -0.386778 2.896828
-0.006358 -0.389186 2.905726
-0.018342 -0.302173 -1.415080
-0.004855 -0.309631 -1.384657
-0.015414 -0.323854 -1.301199
-0.042992 -0.325307 -1.260731
-0.019765 -0.333520 -1.245161
-0.035955 -0.342662 -1.178116
-0.045791 -0.348054 -1.135112
-0.039666 -0.311853 2.738546
-0.042995 -0.335240 2.790398
-0.006848 -0.348198 2.837130
-0.003990 -0.250376 -1.924295
-0.004741 -0.254115 -1.881311
-0.006487 -0.254257 -1.846983
-0.002899 -0.257621 -1.780846
-0.000999 -0.257962 -1.748983
-0.002613 -0.258577 -1.666362
-0.019793 -0.262815 -1.612865
-0.027087 -0.269306 -1.569074
-0.041880 -0.270668 -1.537491
-0.043822 -0.280450 -1.486940
-0.032529 -0.293723 -1.439879
-0.041355 -0.299109 -1.398672
-0.017302 -0.250728 2.570996
-0.037307 -0.267279 2.614043
-0.022657 -0.280199 2.659880
-0.039618 -0.297428 2.700211
-0.004061 -0.200083 -2.323071
-0.006369 -0.205119 -2.291763
-0.003548 -0.216261 -2.225035
-0.010596 -0.213918 -2.179311
-0.009714 -0.203327 -2.146766
-0.009889 -0.220555 -2.086783
-0.007524 -0.240142 -2.018661
-0.006485 -0.208366 -1.974663
-0.006195 -0.206418 -1.946255
-0.006828 -0.244845 -1.884255
-0.010210 -0.224050 -1.813740
-0.038349 -0.224173 -1.754634
-0.034996 -0.232320 -1.724786
-0.047801 -0.236289 -1.684459
-0.049195 -0.245818 -1.639203
-0.011289 -0.211501 2.449382
-0.023964 -0.215968 2.460774
-0.012663 -0.234866 2.522202
-0.000828 -0.246966 2.561357
-0.006151 -0.158472 -2.500351
-0.008685 -0.162081 -2.471101
-0.005186 -0.172980 -2.447000
-0.009507 -0.167431 -2.374576
-0.000095 -0.197186 -2.340135
-0.009897 -0.182564 -2.269113
-0.009608 -0.181997 -2.224125
-0.009091 -0.173136 -2.196727
-0.008966 -0.192244 -2.134813
-0.021041 -0.152127 -2.076128
-0.007917 -0.184333 -2.044269
-0.026755 -0.178306 -1.964239
-0.020960 -0.195937 -1.901506
-0.026807 -0.197901 -1.884255
-0.046041 -0.198452 -1.849225
-0.042991 -0.161947 2.297478
-0.024150 -0.168750 2.320131
-0.022076 -0.181519 2.356882
-0.039257 -0.198585 2.402804
-0.006251 -0.115677 -2.610965
-0.007593 -0.129608 -2.574223
-0.008557 -0.143880 -2.515067
-0.008391 -0.122901 -2.485242
-0.009023 -0.149748 -2.415468
-0.008694 -0.124949 -2.379356
-0.009086 -0.146592 -2.322843
-0.010764 -0.120030 -2.257027
-0.012237 -0.117401 -2.244550
-0.033486 -0.120907 -2.175628
-0.045564 -0.124211 -2.138124
-0.027121 -0.146371 -2.089671
-0.045933 -0.148805 -2.046070
-0.030969 -0.110924 2.194628
-0.007864 -0.124306 2.218433
-0.007459 -0.145771 2.262969
-0.006299 -0.060057 -2.604197
-0.006825 -0.058430 -2.576628
-0.007468 -0.064376 -2.522644
-0.008160 -0.078790 -2.453908
-0.008266 -0.096182 -2.432941
-0.022903 -0.066220 -2.384053
-0.022928 -0.080383 -2.336114
-0.030598 -0.090051 -2.290399
-0.047848 -0.093306 -2.238365
-0.035637 -0.051100 2.096269
-0.035707 -0.071234 2.126991
-0.002614 -0.099186 2.172062
-0.002932 -0.026451 -2.650429
-0.003531 -0.035296 -2.646091
-0.005221 -0.012368 -2.597824
-0.035282 -0.008409 -2.516842
-0.044940 -0.001456 -2.464008
-0.044997 -0.026544 -2.432433
-0.049799 -0.040591 -2.379742
-0.040991 -0.000512 2.018052
-0.049846 -0.041110 2.078183
-0.018755 0.032366 -2.659245
-0.022386 0.028283 -2.632986
-0.027063 0.023849 -2.596655
-0.012406 0.044231 -2.546204
-0.011729 0.046945 -2.484166
-0.037874 0.026692 -2.436155
-0.014779 0.046469 -2.388823
-0.038185 0.031010 -2.344905
-0.018476 0.045992 -2.286751
-0.041666 0.033888 -2.209827
-0.021296 0.049675 -2.160657
-0.025002 0.047513 -2.122104
-0.039846 0.043229 -2.054720
-0.039605 0.044575 -2.034282
-0.048363 0.043906 -1.966139
-0.045909 0.047175 -1.937871
-0.048223 0.049768 -1.879279
-0.041371 0.047020 1.945407
-0.008134 0.027270 1.979531
-0.038283 0.011535 2.000169
-0.003805 0.091253 -2.675119
-0.013182 0.099942 -2.601460
-0.010500 0.059421 -2.588922
-0.016106 0.097298 -2.514359
-0.015467 0.075236 -2.478913
-0.016289 0.074149 -2.441527
-0.018436 0.085248 -2.380420
-0.019245 0.073991 -2.308155
-0.019982 0.076169 -2.273279
-0.021154 0.087464 -2.217856
-0.021750 0.087903 -2.153698
-0.021516 0.056079 -2.113300
-0.022237 0.088283 -2.060489
-0.022047 0.063521 -2.043180
-0.022508 0.098635 -1.979984
-0.022457 0.066938 -1.928491
-0.027825 0.058606 -1.896729
-0.040958 0.058180 -1.808068
-0.025878 0.064791 -1.799394
-0.022384 0.080851 -1.727117
-0.037085 0.067250 -1.690586
-0.022784 0.077163 -1.620213
-0.022254 0.083018 -1.576815
-0.046969 0.074651 -1.500670
-0.020803 0.096770 -1.456547
-0.045189 0.078978 -1.433530
-0.036275 0.082878 -1.397412
-0.031261 0.084845 -1.347033
-0.026257 0.085819 -1.279358
-0.041032 0.090280 -1.200272
-0.038895 0.091570 -1.174294
-0.032288 0.094435 -1.121507
-0.047313 0.092033 -1.081122
-0.015596 0.098708 -1.035171
-0.032117 0.096877 -0.996160
-0.014472 0.099911 -0.949338
-0.036076 0.098284 -0.879988
-0.039353 0.098799 -0.840258
-0.049667 0.098481 -0.781470
-0.049080 0.099380 1.745318
-0.022202 0.097695 1.777703
-0.029983 0.089678 1.824407
-0.013386 0.084179 1.859228
-0.013741 0.063934 1.929683
-0.004594 0.117083 -2.678514
-0.011091 0.102912 -2.638221
-0.016155 0.135326 -2.571418
-0.017338 0.126510 -2.524743
-0.018017 0.111001 -2.469119
-0.019865 0.120545 -2.402986
-0.019139 0.104435 -2.399140
-0.022025 0.145017 -2.343624
-0.022846 0.144789 -2.286051
-0.021640 0.104222 -2.225349
-0.023434 0.139756 -2.186348
-0.023318 0.133095 -2.124563
-0.022527 0.105860 -2.067942
-0.022639 0.107958 -2.006559
-0.022589 0.104851 -1.996156
-0.023270 0.140161 -1.936811
-0.023214 0.149053 -1.882869
-0.022371 0.116295 -1.820522
-0.022436 0.140843 -1.797242
-0.021854 0.118597 -1.712264
-0.021625 0.125295 -1.682504
-0.020811 0.148968 -1.612846
-0.021133 0.117523 -1.597535
-0.020831 0.113039 -1.544338
-0.019378 0.144114 -1.477513
-0.018815 0.131200 -1.410824
-0.018628 0.125288 -1.385957
-0.018061 0.107160 -1.306062
-0.016990 0.124877 -1.298629
-0.016626 0.101419 -1.236100
-0.012955 0.144206 -1.196359
-0.007660 0.116674 -1.136843
-0.004956 0.100169 -0.972501
-0.006216 0.100721 -0.930607
-0.019992 0.100960 -0.871411
-0.020130 0.101769 -0.842400
-0.014472 0.104310 -0.780707
-0.003610 0.106223 -0.742332
-0.046516 0.103821 -0.666791
-0.047788 0.104498 -0.643163
-0.012973 0.111596 -0.589282
-0.012731 0.113235 -0.544897
-0.049857 0.109964 -0.491941
-0.026385 0.116114 -0.424376
-0.030841 0.117771 -0.353529
-0.027606 0.118424 -0.344395
-0.028438 0.120295 -0.275842
-0.028289 0.121115 -0.246770
-0.026698 0.122911 -0.185912
-0.028432 0.124410 -0.121334
-0.020657 0.126496 -0.062832
-0.014617 0.127908 -0.015005
-0.011071 0.129262 0.049087
-0.018009 0.128965 0.051889
-0.039515 0.128283 0.147273
-0.037148 0.129019 0.192805
-0.002716 0.131430 0.220198
-0.047775 0.127998 0.259391
-0.020685 0.130950 0.346811
-0.022420 0.130827 0.353053
-0.041458 0.128772 0.409875
-0.014111 0.130725 0.476513
-0.046628 0.127580 0.500697
-0.007466 0.130287 0.566871
-0.005388 0.129807 0.628982
-0.044891 0.126554 0.660503
-0.008924 0.129096 0.701392
-0.012363 0.128202 0.796244
-0.035829 0.126222 0.838701
-0.037830 0.125817 0.867119
-0.018495 0.127172 0.915144
-0.022475 0.126611 0.993800
-0.005491 0.127272 1.012179
-0.022510 0.126337 1.083283
-0.035372 0.125101 1.132080
-0.002324 0.126841 1.167558
-0.004782 0.126615 1.211364
-0.005827 0.126017 1.297017
-0.040510 0.123091 1.347035
-0.003254 0.125322 1.360633
-0.047305 0.121030 1.416148
-0.016549 0.121778 1.491258
-0.043058 0.117026 1.549480
-0.013572 0.118096 1.575226
-0.019919 0.112891 1.645506
-0.005012 0.112701 1.654299
-0.048121 0.100975 1.733797
-0.022268 0.100561 1.757397
-0.009064 0.194409 -2.683067
-0.014416 0.185187 -2.633276
-0.017636 0.177491 -2.562491
-0.018022 0.166179 -2.544693
-0.019590 0.161893 -2.487479
-0.020725 0.153288 -2.428420
-0.021885 0.158928 -2.384241
-0.023632 0.163071 -2.301404
-0.024842 0.174308 -2.267112
-0.025368 0.172684 -2.215454
-0.027072 0.191669 -2.187804
-0.026727 0.184637 -2.116874
-0.026649 0.186455 -2.063275
-0.025169 0.167587 -2.042370
-0.026832 0.198720 -1.998977
-0.024492 0.172029 -1.931888
-0.024282 0.195634 -1.863745
-0.023452 0.179494 -1.832274
-0.022588 0.166727 -1.780792
-0.021899 0.167414 -1.724554
-0.021160 0.158322 -1.656083
-0.019615 0.195847 -1.644381
-0.019698 0.171290 -1.563059
-0.017471 0.190592 -1.514537
-0.017984 0.173811 -1.457640
-0.016568 0.183594 -1.430820
-0.015831 0.181780 -1.388988
-0.014874 0.171813 -1.302446
-0.013135 0.172319 -1.255339
-0.014096 0.156045 -1.235042
-0.012260 0.159062 -1.199610
-0.004611 0.161810 -1.148624
-0.006628 0.245565 -2.703028
-0.013198 0.246433 -2.663195
-0.015328 0.238914 -2.630208
-0.018134 0.213284 -2.561234
-0.019549 0.204431 -2.517125
-0.021539 0.237509 -2.468297
-0.022424 0.206258 -2.424805
-0.023757 0.202467 -2.378157
-0.026321 0.235549 -2.333411
-0.028042 0.243745 -2.283786
-0.029491 0.229674 -2.200624
-0.029606 0.233316 -2.199990
-0.029420 0.220418 -2.100412
-0.029521 0.231384 -2.067072
-0.027404 0.205576 -2.007769
-0.027062 0.225133 -1.951337
-0.026829 0.224462 -1.943104
-0.024709 0.213567 -1.870555
-0.022276 0.234419 -1.819641
-0.020649 0.222756 -1.764223
-0.015376 0.229888 -1.700399
-0.002797 0.243229 -1.678196
-0.012745 0.219961 -1.625425
-0.011026 0.213624 -1.555576
-0.011268 0.211719 -1.540131
-0.013085 0.201701 -1.469973
-0.008385 0.202604 -1.429206
-0.003899 0.200397 -1.393383
-0.003642 0.291713 -2.717746
-0.009690 0.263735 -2.695039
-0.015676 0.257001 -2.626254
-0.017132 0.280396 -2.598608
-0.019794 0.261081 -2.525512
-0.021436 0.281597 -2.483399
-0.023240 0.269257 -2.429412
-0.025643 0.296499 -2.375417
-0.026742 0.254664 -2.329935
-0.028926 0.261376 -2.260697
-0.030261 0.285008 -2.209415
-0.030541 0.273203 -2.153521
-0.030370 0.264569 -2.115574
-0.030005 0.267313 -2.077688
-0.029581 0.297166 -2.046444
-0.027938 0.281145 -1.984490
-0.026932 0.257504 -1.949084
-0.023070 0.253301 -1.851623
-0.019683 0.276785 -1.808320
-0.017127 0.258375 -1.762314
-0.004929 0.289052 -1.730300
-0.003161 0.259423 -1.699788
-0.008374 0.304606 -2.709307
-0.013793 0.342616 -2.669196
-0.017003 0.311774 -2.605928
-0.017657 0.323154 -2.592508
-0.020070 0.343969 -2.535373
-0.022369 0.307702 -2.464518
-0.023813 0.319856 -2.429910
-0.026800 0.315355 -2.352105
-0.027799 0.346596 -2.337819
-0.029008 0.336930 -2.298167
-0.030582 0.347782 -2.244848
-0.030887 0.303110 -2.158796
-0.030846 0.302919 -2.132002
-0.030664 0.326664 -2.093869
-0.028426 0.327276 -2.004062
-0.026791 0.312039 -1.957087
-0.023847 0.326381 -1.900648
-0.022510 0.331406 -1.881158
-0.017282 0.307190 -1.801028
-0.008833 0.331718 -1.775912
-0.001660 0.302964 -1.741526
-0.011402 0.373658 -2.701837
-0.014870 0.388918 -2.658234
-0.015130 0.356950 -2.649483
-0.018005 0.379377 -2.592965
-0.019841 0.357323 -2.544085
-0.023093 0.379892 -2.465991
-0.025027 0.396579 -2.424078
-0.027926 0.398523 -2.355350
-0.029554 0.396679 -2.310649
-0.030283 0.382678 -2.279831
-0.031835 0.396317 -2.215593
-0.031999 0.389628 -2.170412
-0.031477 0.389251 -2.113948
-0.030334 0.361617 -2.067785
-0.028779 0.364471 -2.017930
-0.027073 0.397122 -1.986591
-0.025121 0.351308 -1.933952
-0.018544 0.392690 -1.874777
-0.013976 0.374727 -1.831708
-0.005742 0.353250 -1.790728
-0.003024 0.445431 -2.751687
-0.010226 0.405712 -2.717167
-0.013602 0.441054 -2.685144
-0.016714 0.401772 -2.624634
-0.019511 0.413376 -2.563228
-0.020641 0.401955 -2.533252
-0.022514 0.402423 -2.486602
-0.026075 0.421664 -2.407636
-0.028012 0.422135 -2.362297
-0.029104 0.448886 -2.345668
-0.031666 0.436347 -2.260603
-0.031980 0.404508 -2.213544
-0.032370 0.419912 -2.191936
-0.032128 0.416337 -2.142149
-0.030591 0.409483 -2.073638
-0.029507 0.428958 -2.045768
-0.025601 0.403932 -1.963682
-0.023010 0.423669 -1.938874
-0.018663 0.406232 -1.885646
-0.007730 0.412834 -1.848089
-0.001714 0.485836 -2.761448
-0.010637 0.477033 -2.725576
-0.013324 0.463525 -2.692203
-0.017695 0.467105 -2.613485
-0.020695 0.488595 -2.550487
-0.021355 0.479985 -2.533401
-0.023454 0.463834 -2.480489
-0.026873 0.474044 -2.406709
-0.028587 0.458086 -2.361853
-0.030227 0.464606 -2.322936
-0.032265 0.468526 -2.257081
-0.032686 0.452605 -2.214979
-0.033025 0.469759 -2.181845
-0.032347 0.452690 -2.136544
-0.029334 0.498934 -2.060590
-0.026749 0.450644 -2.001521
-0.024826 0.453255 -1.976754
-0.015828 0.460506 -1.911916
-0.002644 0.464670 -1.893001
-0.006768 0.527685 -2.759859
-0.008775 0.507837 -2.745388
-0.015500 0.530973 -2.665615
-0.017195 0.525579 -2.632589
-0.019584 0.521428 -2.581795
-0.022730 0.533176 -2.514581
-0.024251 0.527678 -2.479633
-0.027204 0.524516 -2.415420
-0.028802 0.536741 -2.384752
-0.030258 0.528730 -2.348551
-0.032932 0.520535 -2.264187
-0.033753 0.532290 -2.218921
-0.033229 0.513936 -2.163133
-0.031387 0.505209 -2.102507
-0.031065 0.512772 -2.096638
-0.025161 0.537406 -2.028916
-0.023552 0.512517 -1.999278
-0.003675 0.501245 -1.927438
-0.009632 0.582889 -2.752549
-0.012599 0.588528 -2.720785
-0.014862 0.579964 -2.684012
-0.018977 0.557053 -2.601186
-0.020504 0.567129 -2.570716
-0.023188 0.558622 -2.510616
-0.024323 0.561805 -2.486892
-0.028060 0.551300 -2.405299
-0.028870 0.580940 -2.396584
-0.032553 0.594761 -2.311367
-0.032899 0.580950 -2.296525
-0.034088 0.566734 -2.224649
-0.033424 0.588656 -2.171765
-0.030041 0.587786 -2.108546
-0.022510 0.597276 -2.053445
-0.016613 0.588336 -2.023376
-0.001290 0.550132 -1.972839
-0.006056 0.648088 -2.873715
-0.013671 0.640100 -2.800698
-0.047794 0.644678 -2.762686
-0.022569 0.641626 -2.740155
-0.043704 0.637179 -2.663898
-0.043270 0.636204 -2.636726
-0.021504 0.607536 -2.561461
-0.023708 0.610895 -2.515868
-0.026291 0.607494 -2.458381
-0.027449 0.618229 -2.441872
-0.031932 0.630828 -2.393242
-0.033484 0.626167 -2.305743
-0.039789 0.637845 -2.294898
-0.034022 0.620977 -2.236843
-0.033570 0.614078 -2.197558
-0.028608 0.629185 -2.125100
-0.007626 0.648143 -2.064190
-0.011053 0.619942 -2.041070
-0.008386 0.657829 -2.869294
-0.010447 0.692654 -2.803094
-0.012197 0.685033 -2.750531
-0.014760 0.672062 -2.735847
-0.048117 0.669295 -2.692525
-0.015834 0.693833 -2.615251
-0.039195 0.670691 -2.550249
-0.023323 0.675810 -2.521859
-0.023748 0.678281 -2.485698
-0.043068 0.670106 -2.401411
-0.044354 0.669097 -2.350914
-0.027086 0.687343 -2.323485
-0.031294 0.676022 -2.287815
-0.030122 0.676862 -2.236465
-0.026982 0.675036 -2.184186
-0.022292 0.656348 -2.114004
-0.016663 0.655133 -2.087136
-0.001653 0.703188 -2.805849
-0.010927 0.702897 -2.752378
-0.011755 0.704898 -2.715413
-0.009812 0.718309 -2.653834
-0.002992 0.722487 -2.629375
-0.015236 0.710239 -2.573749
-0.017075 0.706848 -2.528256
-0.012397 0.730581 -2.485073
-0.021179 0.701239 -2.423998
-0.016519 0.727903 -2.380077
-0.023280 0.703201 -2.329603
-0.020306 0.717583 -2.297772
-0.007374 0.723036 -2.216722
-0.015823 0.713872 -2.184709
-0.004853 0.704009 -2.136546
0.002115 -0.751444 2.231839
0.013744 -0.755342 2.281948
0.007868 -0.711187 2.186114
0.036713 -0.722249 2.201041
0.038027 -0.744383 2.259556
0.022125 -0.724145 2.332175
0.007827 -0.671814 2.175614
0.039163 -0.678497 2.223303
0.039163 -0.660238 2.268288
0.039155 -0.661192 2.307193
0.005476 -0.683691 2.350104
0.033005 -0.644889 2.180194
0.040494 -0.634583 2.247422
0.029319 -0.609850 2.251594
0.037476 -0.614682 2.319781
0.005494 -0.560147 2.234239
0.043155 -0.584706 2.251893
0.030962 -0.592060 2.304110
0.007389 -0.500261 1.070188
0.001346 -0.501162 1.117335
0.017228 -0.501534 1.157054
0.033277 -0.502062 1.241957
0.015507 -0.503723 1.268701
0.016302 -0.504779 1.327282
0.029546 -0.505027 1.388362
0.038112 -0.504528 1.406530
0.012713 -0.507458 1.498107
0.046912 -0.505146 1.542694
0.028270 -0.507292 1.576613
0.030578 -0.507303 1.619363
0.006108 -0.508523 1.656722
0.028651 -0.507362 1.716553
0.036821 -0.506054 1.790989
0.014040 -0.507192 1.825158
0.022843 -0.506384 1.852774
0.033717 -0.504273 1.932307
0.044882 -0.502671 1.955234
0.031318 -0.503163 2.006140
0.023204 -0.502254 2.083997
0.032092 -0.501092 2.110115
0.005267 -0.501017 2.172653
0.007630 -0.525081 2.231911
0.000960 -0.549342 2.254401
0.029180 -0.450808 -0.503906
0.048796 -0.451621 -0.454942
0.031495 -0.455581 -0.438229
0.028054 -0.461050 -0.360215
0.031983 -0.461318 -0.348551
0.003376 -0.467709 -0.265477
0.028776 -0.468906 -0.216952
0.047373 -0.469688 -0.156357
0.013702 -0.474169 -0.136207
0.045728 -0.475054 -0.058635
0.037417 -0.476763 -0.046549
0.035745 -0.479999 0.018405
0.008643 -0.483560 0.059933
0.012631 -0.485429 0.112140
0.013126 -0.487757 0.184461
0.043878 -0.486908 0.248036
0.015075 -0.489868 0.270969
0.022374 -0.490489 0.321602
0.004564 -0.491782 0.360113
0.017445 -0.492077 0.404832
0.015589 -0.493032 0.474770
0.009175 -0.494014 0.547103
0.025693 -0.493374 0.559942
0.012417 -0.494447 0.601597
0.035577 -0.493616 0.674495
0.033377 -0.494333 0.728398
0.031075 -0.495198 0.795386
0.041081 -0.494280 0.802144
0.007058 -0.497552 0.893784
0.015394 -0.497837 0.932040
0.020793 -0.498585 0.998568
0.029708 -0.498665 1.040143
0.027648 -0.499839 1.098641
0.040945 -0.498907 1.115631
0.048216 -0.498670 1.151310
0.048242 -0.499751 1.208637
0.049464 -0.499410 2.099252
0.049666 -0.498947 2.121657
0.038697 -0.499042 2.177793
0.003348 -0.484946 2.242797
0.045012 -0.495754 2.250877
0.004961 -0.494650 2.325082
0.009103 -0.490615 2.397180
0.005802 -0.489068 2.425532
0.040403 -0.484456 2.460306
0.048438 -0.479114 2.522312
0.037994 -0.477904 2.568001
0.011285 -0.476384 2.635406
0.012124 -0.473562 2.678994
0.038787 -0.465577 2.731921
0.044928 -0.455776 2.796021
0.043344 -0.451466 2.822826
0.015945 -0.451764 2.867241
0.027623 -0.401502 -0.864525
0.025872 -0.412134 -0.805643
0.045682 -0.414678 -0.770857
0.037270 -0.427119 -0.702025
0.007360 -0.434984 -0.666523
0.017359 -0.439231 -0.629462
0.033904 -0.445957 -0.551354
0.042028 -0.448119 -0.513920
0.045390 -0.448841 -0.498370
0.005726 -0.439822 2.215515
0.043305 -0.445337 2.845664
0.040969 -0.418506 2.891820
0.005517 -0.437365 2.913977
0.016645 -0.351072 -1.152596
0.020254 -0.358219 -1.110672
0.027135 -0.359262 -1.099549
0.008081 -0.374462 -1.025078
0.013995 -0.381415 -0.984149
0.009214 -0.393754 -0.916622
0.021807 -0.397119 -0.892688
0.048449 -0.370484 2.847913
0.004273 -0.355192 2.851009
0.021070 -0.397210 2.909480
0.022075 -0.301917 -1.414984
0.025738 -0.304281 -1.398218
0.040513 -0.313355 -1.330817
0.047074 -0.320674 -1.282407
0.016206 -0.334344 -1.245044
0.001372 -0.345915 -1.185734
0.044285 -0.348559 -1.138197
0.007586 -0.307314 2.741725
0.033959 -0.318554 2.761320
0.020957 -0.338255 2.813632
0.008880 -0.250636 -1.913933
0.007146 -0.252797 -1.896177
0.005299 -0.258354 -1.837628
0.004905 -0.256087 -1.773384
0.003334 -0.252481 -1.718593
0.015759 -0.257515 -1.652564
0.018540 -0.265212 -1.608499
0.032132 -0.262907 -1.595069
0.040269 -0.274509 -1.526060
0.034243 -0.282386 -1.497627
0.041801 -0.293155 -1.431900
0.047308 -0.299650 -1.390014
0.026943 -0.252360 2.574002
0.046113 -0.278143 2.642286
0.000392 -0.277432 2.655892
0.028025 -0.297792 2.709646
0.004320 -0.200192 -2.323778
0.011559 -0.209077 -2.258213
0.012955 -0.211541 -2.215440
0.013032 -0.214331 -2.184279
0.006760 -0.227566 -2.139474
0.012584 -0.221851 -2.097309
0.003843 -0.242361 -2.009219
0.008685 -0.206057 -1.957066
0.008284 -0.211869 -1.904823
0.014308 -0.210696 -1.866219
0.005898 -0.248647 -1.805185
0.004454 -0.243268 -1.755115
0.013981 -0.245903 -1.713444
0.021108 -0.248038 -1.684421
0.039474 -0.248679 -1.648281
0.020568 -0.208477 2.438921
0.033018 -0.213708 2.451864
0.037451 -0.241864 2.537263
0.008381 -0.248137 2.564731
0.006137 -0.157935 -2.505286
0.003364 -0.172530 -2.451425
0.002950 -0.182730 -2.408993
0.011209 -0.192203 -2.351632
0.010567 -0.195457 -2.339127
0.011660 -0.156205 -2.291604
0.012308 -0.193003 -2.204086
0.011485 -0.177657 -2.181179
0.011508 -0.194205 -2.136445
0.010300 -0.184887 -2.060240
0.019014 -0.163316 -2.041504
0.041189 -0.166609 -1.991674
0.035295 -0.186656 -1.921085
0.044127 -0.189415 -1.894709
0.043967 -0.162536 2.299427
0.024917 -0.171485 2.328097
0.043680 -0.181275 2.351153
0.016152 -0.198409 2.408780
0.008626 -0.110855 -2.612807
0.009880 -0.137733 -2.562086
0.010549 -0.140353 -2.542897
0.010598 -0.110407 -2.494318
0.010873 -0.119722 -2.439861
0.011005 -0.104075 -2.392436
0.011640 -0.115144 -2.323763
0.011629 -0.136574 -2.262110
0.018027 -0.110663 -2.240791
0.038770 -0.115856 -2.188627
0.038449 -0.139121 -2.103092
0.037636 -0.142674 -2.091036
0.046739 -0.148750 -2.049890
0.048649 -0.107115 2.186586
0.031291 -0.118615 2.206974
0.015692 -0.149975 2.272646
0.000900 -0.056588 -2.650677
0.005972 -0.076151 -2.640333
0.009503 -0.072732 -2.572937
0.009541 -0.050041 -2.544388
0.010912 -0.055029 -2.473045
0.028926 -0.054991 -2.414494
0.012202 -0.080456 -2.390237
0.019326 -0.084546 -2.329990
0.040298 -0.085228 -2.291326
0.045086 -0.096360 -2.242482
0.016700 -0.051368 2.099167
0.027566 -0.055172 2.103959
0.032413 -0.097660 2.167875
0.000930 -0.047112 -2.652640
0.015492 -0.000249 -2.618613
0.008587 -0.041205 -2.598772
0.009550 -0.038334 -2.539157
0.039307 -0.025454 -2.471221
0.049733 -0.025346 -2.422987
0.048078 -0.048364 -2.378335
0.006351 -0.017976 2.048727
0.048228 -0.035929 2.071167
0.023034 0.025234 -2.650038
0.023027 0.004307 -2.610848
0.030739 0.016474 -2.591162
0.040391 0.015226 -2.508415
0.043758 0.014766 -2.474494
0.018755 0.043280 -2.417249
0.045110 0.023761 -2.391192
0.043796 0.029347 -2.317703
0.027245 0.041474 -2.267356
0.049555 0.027584 -2.249675
0.024815 0.047905 -2.156372
0.039051 0.040318 -2.139880
0.044068 0.041693 -2.063711
0.049239 0.041741 -2.013738
0.040224 0.048645 -1.982887
0.049232 0.046535 -1.939954
0.025175 0.048042 1.946705
0.041793 0.023343 1.981947
0.012664 0.013538 2.000399
0.011337 0.095851 -2.655680
0.013132 0.069146 -2.608279
0.016579 0.093437 -2.568931
0.016769 0.072120 -2.511631
0.015715 0.059185 -2.498055
0.019043 0.080750 -2.449255
0.019775 0.074922 -2.398923
0.022259 0.092920 -2.328551
0.023372 0.093727 -2.254897
0.023702 0.090701 -2.216216
0.023250 0.062769 -2.182641
0.024169 0.072422 -2.114150
0.024689 0.090634 -2.064284
0.024991 0.057086 -2.008770
0.024814 0.066850 -1.954065
0.025504 0.061422 -1.907753
0.025625 0.062570 -1.880882
0.025019 0.069900 -1.843125
0.025014 0.074313 -1.757910
0.024550 0.096151 -1.731512
0.044418 0.064927 -1.695226
0.024284 0.090990 -1.605479
0.024542 0.085054 -1.590265
0.024538 0.084334 -1.523436
0.023294 0.097454 -1.469284
0.022931 0.094367 -1.400976
0.024460 0.084066 -1.394783
0.027940 0.083687 -1.326367
0.021205 0.090409 -1.257345
0.020519 0.091040 -1.238734
0.042407 0.091701 -1.163796
0.013804 0.093376 -1.136884
0.003935 0.098021 -1.094570
0.028983 0.097582 -1.015274
0.042324 0.095820 -0.959314
0.020320 0.099752 -0.938725
0.039113 0.097767 -0.895285
0.042916 0.099628 -0.808651
0.049417 0.099025 -0.784698
0.047580 0.099362 1.749539
0.001553 0.097208 1.786123
0.022739 0.093172 1.807786
0.014119 0.079195 1.882453
0.003032 0.051708 1.942412
0.004505 0.143070 -2.685479
0.013693 0.115969 -2.643959
0.018281 0.141195 -2.584286
0.020355 0.132849 -2.513475
0.020234 0.104445 -2.463030
0.021012 0.101873 -2.419992
0.023929 0.139768 -2.360402
0.024671 0.140914 -2.316460
0.024885 0.132513 -2.265328
0.024128 0.107167 -2.230520
0.025421 0.129332 -2.172126
0.025966 0.138261 -2.138175
0.025262 0.118889 -2.092125
0.026336 0.147095 -2.024662
0.025029 0.105474 -1.984325
0.025072 0.110822 -1.940439
0.025111 0.121825 -1.891572
0.025098 0.149305 -1.812075
0.024609 0.115139 -1.775466
0.024261 0.147641 -1.717465
0.024238 0.105973 -1.681629
0.023519 0.139985 -1.630980
0.022732 0.147543 -1.562438
0.022335 0.142349 -1.518062
0.021719 0.138967 -1.460892
0.021264 0.138555 -1.426784
0.021094 0.126723 -1.391584
0.019890 0.130150 -1.329817
0.018846 0.117740 -1.264250
0.017582 0.137631 -1.247164
0.013679 0.115391 -1.160770
0.010468 0.103899 -1.139670
0.012777 0.100093 -0.958074
0.012724 0.100312 -0.943237
0.010674 0.101835 -0.873472
0.013541 0.102525 -0.842876
0.040135 0.101783 -0.764683
0.010664 0.107012 -0.716772
0.022832 0.107948 -0.669103
0.020134 0.109500 -0.635315
0.037403 0.109519 -0.579586
0.007294 0.113724 -0.540719
0.016855 0.115460 -0.477179
0.045553 0.113636 -0.425199
0.046169 0.115818 -0.353778
0.003724 0.120225 -0.336721
0.040245 0.118412 -0.299466
0.019457 0.122712 -0.223701
0.014685 0.124686 -0.157785
0.012898 0.126037 -0.106631
0.006098 0.127192 -0.065361
0.008541 0.127843 -0.033606
0.006808 0.129120 0.029958
0.006479 0.129875 0.075245
0.018460 0.130261 0.135749
0.038250 0.129025 0.176167
0.015440 0.131186 0.229097
0.025374 0.130764 0.265280
0.022438 0.131029 0.311287
0.011759 0.131487 0.350204
0.035028 0.129704 0.424554
0.025857 0.130297 0.459655
0.025416 0.129836 0.531483
0.035332 0.128715 0.567747
0.045676 0.127276 0.600794
0.036638 0.127812 0.660051
0.039976 0.126744 0.744344
0.008062 0.128700 0.757786
0.045864 0.125512 0.813535
0.022348 0.127272 0.880450
0.013935 0.127478 0.918144
0.027805 0.126387 0.998736
0.021114 0.126775 1.014523
0.024275 0.126377 1.083815
0.009839 0.126900 1.124311
0.045188 0.124071 1.183697
0.027889 0.125485 1.244714
0.039687 0.124093 1.287966
0.021889 0.125436 1.303281
0.000816 0.125092 1.376686
0.045032 0.121106 1.438939
0.011159 0.121789 1.499569
0.033599 0.118300 1.549642
0.040363 0.116470 1.571422
0.010970 0.116451 1.604394
0.012055 0.112702 1.653051
0.020360 0.103625 1.735786
0.016601 0.100165 1.763396
0.009885 0.172856 -2.683868
0.018628 0.188730 -2.601737
0.019451 0.197346 -2.585644
0.020961 0.194919 -2.544395
0.022591 0.175614 -2.478986
0.024004 0.159646 -2.400206
0.025864 0.189265 -2.371129
0.026317 0.169182 -2.306711
0.027197 0.172296 -2.263390
0.027527 0.172213 -2.237720
0.027236 0.160729 -2.170758
0.029264 0.185845 -2.132681
0.026781 0.152675 -2.075385
0.029582 0.196588 -2.034999
0.026558 0.156561 -1.975539
0.027950 0.198872 -1.921133
0.025703 0.150756 -1.884609
0.025576 0.184080 -1.809963
0.025035 0.157779 -1.791308
0.024161 0.165261 -1.710313
0.023724 0.153077 -1.663934
0.022664 0.174281 -1.610468
0.021895 0.184274 -1.590939
0.021279 0.175152 -1.517447
0.018239 0.195257 -1.480114
0.018529 0.182010 -1.401382
0.020125 0.154817 -1.384273
0.019094 0.154070 -1.327923
0.014817 0.176169 -1.258308
0.013132 0.176704 -1.237687
0.009290 0.173660 -1.196440
0.006153 0.151265 -1.130095
0.008695 0.249488 -2.704657
0.013831 0.204516 -2.671640
0.018183 0.221749 -2.618940
0.020453 0.218976 -2.565633
0.021296 0.246125 -2.548570
0.024341 0.227473 -2.453579
0.024649 0.210967 -2.434918
0.026272 0.225306 -2.396822
0.028804 0.238696 -2.333513
0.029978 0.241626 -2.299276
0.030917 0.214397 -2.216755
0.032496 0.237017 -2.156728
0.030642 0.203313 -2.102382
0.030833 0.208331 -2.073043
0.030983 0.243331 -2.006262
0.029402 0.220188 -1.951823
0.028355 0.244539 -1.916268
0.027780 0.219543 -1.892071
0.025985 0.229991 -1.844840
0.022867 0.224545 -1.763786
0.023923 0.201199 -1.742316
0.005517 0.240099 -1.672804
0.008557 0.229780 -1.647238
0.006092 0.217297 -1.556383
0.007505 0.214896 -1.536475
0.000257 0.211494 -1.499202
0.010086 0.200013 -1.400162
0.009206 0.200260 -1.398918
0.010706 0.255906 -2.700086
0.012634 0.265006 -2.692336
0.018343 0.281220 -2.625025
0.019587 0.267778 -2.596169
0.022524 0.290436 -2.523355
0.024115 0.278053 -2.475399
0.025997 0.276859 -2.422964
0.026985 0.261059 -2.391804
0.029202 0.292522 -2.343999
0.030345 0.251714 -2.292273
0.032625 0.295888 -2.222936
0.032665 0.255854 -2.175229
0.032650 0.252959 -2.109544
0.032628 0.299490 -2.077683
0.031498 0.291222 -2.025408
0.030839 0.265372 -1.999872
0.028218 0.274067 -1.922298
0.027231 0.260594 -1.893487
0.022809 0.291257 -1.827163
0.020054 0.265046 -1.773584
0.015075 0.278439 -1.743434
0.003972 0.254852 -1.694014
0.010800 0.338733 -2.715950
0.014328 0.310889 -2.687089
0.018836 0.327063 -2.620976
0.021172 0.302650 -2.562163
0.023474 0.349688 -2.511032
0.025538 0.331856 -2.451704
0.026661 0.343584 -2.426748
0.028047 0.346475 -2.393470
0.029651 0.300065 -2.334513
0.031958 0.336973 -2.280585
0.032488 0.311498 -2.242624
0.033278 0.302976 -2.173288
0.033523 0.322352 -2.139758
0.033140 0.347131 -2.088603
0.031940 0.316880 -2.040934
0.029130 0.332818 -1.960202
0.027144 0.324180 -1.915715
0.023576 0.329685 -1.860521
0.022221 0.333807 -1.846027
0.014157 0.332462 -1.785634
0.000564 0.304367 -1.742656
0.011933 0.365149 -2.714982
0.017253 0.383898 -2.658342
0.018922 0.354793 -2.622860
0.020252 0.385152 -2.598080
0.022570 0.376715 -2.540379
0.024594 0.371116 -2.487119
0.027322 0.398036 -2.427685
0.029241 0.398674 -2.382611
0.031572 0.360972 -2.305797
0.032678 0.372934 -2.275209
0.033916 0.366231 -2.206046
0.034526 0.398087 -2.166494
0.033920 0.365235 -2.130021
0.032891 0.369534 -2.071822
0.030808 0.394097 -2.013056
0.028975 0.361002 -1.964684
0.025962 0.356821 -1.909602
0.022211 0.365052 -1.866659
0.009687 0.393568 -1.829735
0.010921 0.351268 -1.792987
0.004741 0.441789 -2.751497
0.013263 0.413948 -2.713548
0.015769 0.417217 -2.685789
0.019170 0.413009 -2.625604
0.021572 0.449689 -2.578584
0.023125 0.413319 -2.534379
0.025850 0.444144 -2.475907
0.027159 0.408222 -2.434692
0.029473 0.426465 -2.386836
0.032642 0.424950 -2.304756
0.033511 0.434302 -2.281601
0.033925 0.403864 -2.243572
0.034621 0.404084 -2.180526
0.034133 0.416391 -2.116164
0.033402 0.421921 -2.085635
0.030230 0.442814 -2.015318
0.028263 0.439401 -1.983177
0.022081 0.427504 -1.908787
0.013971 0.424591 -1.866133
0.012288 0.409009 -1.848207
0.003137 0.462069 -2.756583
0.012657 0.499797 -2.732840
0.015234 0.465085 -2.699588
0.020759 0.491572 -2.603817
0.021096 0.485155 -2.595420
0.024213 0.499630 -2.528022
0.026310 0.495602 -2.479254
0.029002 0.484137 -2.416488
0.030404 0.479459 -2.383806
0.032006 0.475448 -2.344449
0.035036 0.493074 -2.259395
0.035313 0.493759 -2.246081
0.035530 0.474892 -2.190865
0.034020 0.460533 -2.104532
0.032441 0.480585 -2.067545
0.029998 0.492016 -2.031272
0.025064 0.454175 -1.953342
0.014551 0.486537 -1.922734
0.004554 0.464778 -1.893024
0.005178 0.546025 -2.773797
0.012042 0.504406 -2.738782
0.017323 0.537620 -2.677166
0.019493 0.538126 -2.637097
0.022529 0.531568 -2.572440
0.025183 0.524673 -2.512015
0.026258 0.542724 -2.492735
0.028417 0.526798 -2.441946
0.030751 0.537043 -2.395296
0.032956 0.505845 -2.332776
0.034649 0.515708 -2.288485
0.035597 0.516354 -2.249447
0.035641 0.537984 -2.158298
0.033513 0.529707 -2.101331
0.032638 0.536936 -2.088434
0.028426 0.529031 -2.031844
0.021518 0.519936 -1.975340
0.011575 0.516787 -1.945373
0.011919 0.597811 -2.758637
0.013609 0.552040 -2.731799
0.017688 0.574100 -2.676087
0.020303 0.569117 -2.625904
0.023068 0.555449 -2.565430
0.025941 0.550783 -2.501655
0.027392 0.567547 -2.474712
0.030607 0.552512 -2.403149
0.031828 0.586072 -2.386607
0.034252 0.593531 -2.331425
0.036428 0.597317 -2.252451
0.036503 0.566309 -2.205468
0.036403 0.574604 -2.193089
0.031917 0.585843 -2.100747
0.031007 0.594387 -2.096095
0.023919 0.563144 -2.021334
0.018474 0.559315 -1.996542
0.007965 0.648008 -2.874341
0.016060 0.647396 -2.802572
0.020841 0.641549 -2.753111
0.017913 0.620863 -2.711913
0.026756 0.638190 -2.696210
0.029822 0.634688 -2.608620
0.023023 0.607910 -2.581402
0.025892 0.604094 -2.517089
0.030079 0.627400 -2.464531
0.030889 0.626960 -2.443822
0.033177 0.623822 -2.377449
0.035088 0.603617 -2.309754
0.036251 0.607046 -2.262861
0.042065 0.643568 -2.246641
0.035300 0.616715 -2.177971
0.027372 0.647980 -2.118754
0.021901 0.632051 -2.070505
0.020414 0.604867 -2.041691
0.011182 0.688109 -2.855640
0.014881 0.663314 -2.800059
0.036558 0.659936 -2.784907
0.015161 0.680362 -2.743959
0.016697 0.691650 -2.669464
0.017235 0.698116 -2.633532
0.018676 0.695920 -2.595929
0.040865 0.670665 -2.510277
0.029569 0.674475 -2.456161
0.026196 0.690161 -2.409030
0.045133 0.669326 -2.355945
0.027914 0.691341 -2.347872
0.042288 0.664779 -2.269248
0.031389 0.674175 -2.205225
0.026491 0.692770 -2.198872
0.024906 0.667579 -2.132220
0.014450 0.666454 -2.089630
0.002745 0.702007 -2.815622
0.003596 0.706350 -2.783896
0.006313 0.712684 -2.722148
0.000555 0.721497 -2.653731
0.008975 0.720750 -2.628467
0.003468 0.730635 -2.551486
0.020201 0.706933 -2.505149
0.018296 0.723772 -2.466988
0.017575 0.728572 -2.438132
0.017763 0.731223 -2.359609
0.004829 0.733058 -2.319139
0.019985 0.725365 -2.281075
0.020438 0.718054 -2.225983
0.004020 0.715504 -2.167584
0.016884 0.702451 -2.146516
0.051678 -0.500024 1.247891
0.052663 -0.500378 1.274056
0.054206 -0.501346 1.338639
0.063166 -0.500433 1.371328
0.055521 -0.502382 1.413573
0.062445 -0.502276 1.491691
0.066078 -0.501862 1.514771
0.067689 -0.502107 1.585442
0.050133 -0.505197 1.641323
0.050621 -0.505136 1.650169
0.062696 -0.502978 1.733284
0.074754 -0.500232 1.778977
0.067253 -0.501266 1.821370
0.068197 -0.500273 1.877188
0.063365 -0.500046 1.945052
0.052013 -0.501023 1.993948
0.055667 -0.500215 2.008257
0.056890 -0.450259 -0.450104
0.065593 -0.451067 -0.408883
0.053327 -0.454968 -0.394557
0.066100 -0.457554 -0.305426
0.086267 -0.453743 -0.269537
0.063200 -0.463019 -0.221800
0.056938 -0.465827 -0.195454
0.081606 -0.464435 -0.110920
0.088582 -0.464774 -0.067198
0.084586 -0.467155 -0.045595
0.073883 -0.473430 0.022214
0.073051 -0.475649 0.067337
0.061565 -0.480607 0.131109
0.071792 -0.480192 0.182424
0.052345 -0.484488 0.201848
0.091947 -0.477842 0.287135
0.076656 -0.482261 0.306422
0.073306 -0.484092 0.363892
0.065464 -0.486584 0.421134
0.058134 -0.488663 0.479733
0.075066 -0.486076 0.544066
0.076361 -0.486004 0.564520
0.050662 -0.491155 0.606120
0.065499 -0.489488 0.689912
0.080265 -0.486471 0.703203
0.099707 -0.481788 0.757853
0.057418 -0.492088 0.807904
0.068338 -0.490924 0.876038
0.075509 -0.489967 0.915999
0.069875 -0.491807 0.961023
0.083007 -0.490080 1.035213
0.054526 -0.496447 1.078492
0.093117 -0.489095 1.127440
0.057827 -0.497473 1.163226
0.069389 -0.496347 1.213753
0.079313 -0.495589 1.285432
0.081978 -0.495724 1.326332
0.071131 -0.498896 1.370442
0.072694 -0.499436 1.425304
0.081501 -0.498427 1.498672
0.081946 -0.498645 1.530533
0.085408 -0.498177 1.580099
0.095828 -0.495513 1.603348
0.082439 -0.499127 1.655905
0.086005 -0.498082 1.718614
0.083841 -0.497964 1.795338
0.094745 -0.494823 1.816745
0.090599 -0.494868 1.889785
0.075955 -0.497812 1.928201
0.084774 -0.495135 1.963024
0.054792 -0.499846 2.035721
0.053578 -0.499559 2.060868
0.071273 -0.495188 2.129073
0.085694 -0.491547 2.151316
0.079518 -0.490740 2.229511
0.056690 -0.492964 2.274754
0.084844 -0.483506 2.333430
0.061439 -0.485967 2.379822
0.093674 -0.474363 2.419446
0.051581 -0.480559 2.491863
0.093567 -0.462617 2.546284
0.065038 -0.471159 2.573808
0.056198 -0.468147 2.642821
0.086355 -0.450670 2.673316
0.054619 -0.459124 2.740018
0.058825 -0.454060 2.761775
0.055167 -0.405625 -0.810044
0.073738 -0.404480 -0.782476
0.078848 -0.415576 -0.703010
0.086587 -0.414713 -0.687941
0.094954 -0.422994 -0.600260
0.078173 -0.433979 -0.563393
0.092938 -0.430180 -0.544376
0.071559 -0.445642 -0.459159
0.071035 -0.447130 -0.442025
0.091711 -0.444455 -0.382130
0.097494 -0.446789 -0.314705
0.096525 -0.448250 -0.297944
0.099256 -0.447933 2.634413
0.087308 -0.449386 2.677400
0.091219 -0.433556 2.734931
0.091105 -0.407917 2.781142
0.051442 -0.446700 2.821288
0.051964 -0.408214 2.872555
0.057681 -0.350507 -1.106229
0.055496 -0.359729 -1.060235
0.061192 -0.360467 -1.046174
0.075533 -0.365177 -0.991558
0.097212 -0.368806 -0.917163
0.069790 -0.392186 -0.858659
0.092193 -0.386973 -0.835356
0.088270 -0.396859 -0.791508
0.093726 -0.351569 2.745824
0.088305 -0.351029 2.756058
0.073442 -0.386473 2.823244
0.055764 -0.398003 2.862797
0.056562 -0.300587 -1.368327
0.058047 -0.309958 -1.318060
0.053958 -0.320951 -1.269182
0.098254 -0.306651 -1.232439
0.062706 -0.331342 -1.198404
0.083532 -0.334027 -1.137003
0.084157 -0.347202 -1.066620
0.094266 -0.346721 -1.041648
0.098820 -0.300398 2.638075
0.093452 -0.302953 2.652960
0.070473 -0.316589 2.719451
0.061487 -0.342374 2.786070
0.055018 -0.346869 2.802689
0.058641 -0.250145 -1.605010
0.069330 -0.251905 -1.571699
0.050660 -0.269988 -1.529117
0.099303 -0.252232 -1.479011
0.050759 -0.286481 -1.449348
0.078302 -0.289453 -1.373400
0.084677 -0.291823 -1.344615
0.095320 -0.296092 -1.292560
0.080064 -0.251707 2.534513
0.064081 -0.262955 2.582920
0.050997 -0.266967 2.605659
0.069676 -0.298100 2.674888
0.059859 -0.202868 -1.805702
0.067357 -0.208828 -1.762030
0.066749 -0.219384 -1.719764
0.072615 -0.231125 -1.654195
0.097376 -0.212505 -1.649462
0.082750 -0.242630 -1.575134
0.086830 -0.249718 -1.531594
0.099159 -0.248529 -1.495417
0.075934 -0.203387 2.397999
0.064667 -0.216780 2.445246
0.084933 -0.230736 2.469238
0.074592 -0.246978 2.526362
0.059834 -0.150783 -2.009547
0.063338 -0.156630 -1.977725
0.070089 -0.167344 -1.917162
0.052131 -0.185023 -1.896145
0.070176 -0.186253 -1.844455
0.088353 -0.188395 -1.775604
0.091000 -0.193147 -1.747853
0.093979 -0.150399 2.249187
0.095772 -0.168209 2.288878
0.094165 -0.188554 2.342400
0.071124 -0.195811 2.379561
0.050136 -0.101780 -2.210748
0.059140 -0.107755 -2.163399
0.060661 -0.113002 -2.140956
0.069666 -0.120156 -2.085486
0.068890 -0.145533 -2.000954
0.082041 -0.145884 -1.951682
0.097220 -0.129832 -1.933624
0.096744 -0.148624 -1.879147
0.099825 -0.100218 -0.851758
0.099943 -0.102068 -0.772426
0.099244 -0.101105 -0.704509
0.099748 -0.102249 -0.681913
0.099570 -0.101463 -0.615225
0.099436 -0.100298 -0.558594
0.076966 -0.105146 2.176777
0.079064 -0.141965 2.238729
0.064821 -0.146549 2.253964
0.052382 -0.052438 -2.350787
0.050816 -0.056726 -2.345785
0.057509 -0.079102 -2.258286
0.061283 -0.086418 -2.222621
0.078635 -0.075188 -2.170863
0.086833 -0.067873 -2.135174
0.096787 -0.058202 -2.074085
0.099278 -0.068125 -2.048361
0.099047 -0.070629 -1.109438
0.099047 -0.080209 -1.072174
0.099047 -0.081265 -1.046560
0.099047 -0.060991 -0.987951
0.099047 -0.095636 -0.917229
0.099047 -0.083912 -0.862907
0.099047 -0.066581 -0.810759
0.099047 -0.070864 -0.758281
0.099047 -0.076255 -0.748293
0.099047 -0.065824 -0.672035
0.099047 -0.088316 -0.630260
0.099047 -0.080211 -0.573536
0.099047 -0.090668 -0.549735
0.099047 -0.071423 -0.455583
0.099047 -0.067889 -0.436182
0.074631 -0.057612 2.097212
0.078188 -0.081300 2.132414
0.093181 -0.098250 2.153287
0.053165 -0.025104 -2.404543
0.060372 -0.005896 -2.357384
0.066286 -0.016383 -2.316740
0.068850 -0.036248 -2.293219
0.076232 -0.011743 -2.214425
0.082235 -0.018562 -2.172163
0.090708 -0.045092 -2.125162
0.087005 -0.007220 -2.081868
0.099425 -0.036187 -2.042017
0.097371 -0.004583 -1.955501
0.099596 -0.006117 -1.939885
0.099652 -0.049971 -0.491398
0.071513 -0.018254 2.037920
0.089213 -0.044480 2.072020
0.052821 0.001824 -2.415159
0.050375 0.013972 -2.399741
0.061318 0.006622 -2.304881
0.053154 0.020820 -2.295314
0.059989 0.020260 -2.201228
0.073398 0.001652 -2.188327
0.068249 0.016789 -2.131731
0.079949 0.006939 -2.076384
0.075769 0.020066 -2.010197
0.087675 0.011271 -1.955305
0.066859 0.036315 -1.919321
0.076999 0.029213 -1.899863
0.067799 0.043104 -1.822281
0.081809 0.034474 -1.791614
0.072232 0.048159 -1.715556
0.081450 0.046495 -1.652523
0.092329 0.040983 -1.614363
0.097242 0.039225 -1.585881
0.093933 0.046607 -1.533131
0.095378 0.049821 -1.479931
0.079964 0.037417 1.949922
0.096778 0.015547 1.976868
0.074402 0.003755 2.003321
0.050686 0.050101 -1.874035
0.052531 0.052683 -1.820661
0.058491 0.052840 -1.769729
0.056572 0.058588 -1.701730
0.058093 0.059267 -1.679738
0.071961 0.055021 -1.625859
0.051460 0.070100 -1.562764
0.064486 0.064688 -1.548689
0.070490 0.066931 -1.465709
0.069627 0.070219 -1.420871
0.089928 0.061516 -1.373844
0.088497 0.066616 -1.308615
0.078902 0.075094 -1.252100
0.089258 0.070072 -1.240259
0.092921 0.071343 -1.169328
0.082313 0.079314 -1.101276
0.079785 0.081286 -1.069945
0.060784 0.089867 -1.011351
0.078225 0.084262 -0.955702
0.096428 0.076291 -0.921676
0.052673 0.094842 -0.885186
0.053635 0.096253 -0.831698
0.064260 0.095621 -0.765217
0.070131 0.096390 -0.700933
0.079371 0.094521 -0.667035
0.071238 0.099518 -0.620909
0.080384 0.097336 -0.596285
0.088201 0.097921 -0.513753
0.094265 0.096378 -0.490953
0.098007 0.097332 -0.431511
0.099259 0.099574 -0.365064
0.085168 0.098809 1.694547
0.066102 0.097642 1.740199
0.059703 0.092866 1.783197
0.058854 0.083094 1.843369
0.068877 0.074028 1.880587
0.074215 0.055765 1.929611
0.055571 0.100762 -0.701711
0.058234 0.100471 -0.691366
0.051016 0.105851 -0.605525
0.060126 0.105156 -0.566888
0.073173 0.103587 -0.509802
0.062527 0.108261 -0.470381
0.084912 0.103860 -0.400239
0.093069 0.101986 -0.368593
0.053915 0.115550 -0.314385
0.066807 0.114499 -0.252692
0.073720 0.113714 -0.219035
0.057372 0.119087 -0.170146
0.084445 0.112967 -0.142181
0.098991 0.110935 -0.050368
0.095310 0.113213 -0.014865
0.068718 0.121374 0.013545
0.084596 0.118489 0.069912
0.079568 0.120539 0.108333
0.060430 0.125689 0.175352
0.094653 0.117690 0.216160
0.061585 0.126198 0.295231
0.066889 0.125204 0.328330
0.072685 0.123915 0.387548
0.058152 0.126479 0.449040
0.050778 0.127432 0.485019
0.088688 0.119235 0.543298
0.099395 0.116009 0.565690
0.073045 0.122579 0.602289
0.087076 0.118487 0.697067
0.094051 0.116436 0.717029
0.085349 0.118233 0.788005
0.083278 0.118590 0.809887
0.062318 0.122635 0.869432
0.076166 0.119699 0.901508
0.060358 0.122544 0.960954
0.059268 0.122524 1.021933
0.069894 0.120366 1.095097
0.081053 0.117886 1.110149
0.055694 0.122719 1.150825
0.065245 0.120870 1.206232
0.091373 0.114594 1.264841
0.059464 0.120957 1.329364
0.071667 0.117672 1.396620
0.058265 0.119089 1.443538
0.064546 0.116785 1.484378
0.093878 0.107917 1.538561
0.078861 0.111055 1.551879
0.067540 0.107524 1.642647
0.057574 0.104005 1.698570
0.058646 0.103284 1.703522
0.098312 0.647154 -2.784896
0.087298 0.639263 -2.707902
0.065936 0.637578 -2.673210
0.058050 0.636480 -2.644321
0.073324 0.634721 -2.557670
0.052160 0.634141 -2.514383
0.068604 0.634375 -2.451306
0.073199 0.634496 -2.444607
0.088712 0.636571 -2.367979
0.064984 0.639809 -2.301316
0.067657 0.640675 -2.294860
0.050166 0.648407 -2.249626
0.095831 0.653711 -2.802307
0.080190 0.655767 -2.799819
0.053977 0.668288 -2.720297
0.059902 0.669966 -2.665169
0.084769 0.670532 -2.612193
0.078586 0.670626 -2.570414
0.056715 0.670583 -2.501572
0.095212 0.670345 -2.462897
0.092685 0.670154 -2.435350
0.068525 0.668754 -2.353198
0.088249 0.666631 -2.322195
0.092762 0.657982 -2.274204
0.055061 0.650780 -2.249818
0.104107 -0.451206 -0.202857
0.102225 -0.453842 -0.172241
0.110156 -0.454747 -0.106119
0.101560 -0.461268 -0.051474
0.123211 -0.452794 -0.045918
0.127503 -0.453764 0.004074
0.106014 -0.465172 0.054260
0.135060 -0.456964 0.138859
0.113204 -0.467605 0.177054
0.142974 -0.456701 0.230162
0.104585 -0.473292 0.262280
0.142490 -0.459488 0.327115
0.132827 -0.464339 0.350375
0.146754 -0.459102 0.410203
0.100960 -0.478480 0.485465
0.117458 -0.473410 0.531879
0.111851 -0.475913 0.572915
0.148497 -0.460955 0.607302
0.149748 -0.461152 0.679582
0.104740 -0.480025 0.738748
0.102500 -0.481144 0.778110
0.134134 -0.469872 0.813213
0.139081 -0.468740 0.893889
0.110516 -0.480679 0.946030
0.111718 -0.480574 0.965853
0.108210 -0.483002 1.042172
0.103841 -0.485064 1.079799
0.131652 -0.475645 1.117484
0.135920 -0.474811 1.169116
0.117999 -0.483092 1.229760
0.108345 -0.487059 1.262352
0.102037 -0.490255 1.325772
0.142110 -0.475877 1.370845
0.130276 -0.481916 1.429649
0.115730 -0.488173 1.483005
0.139162 -0.479546 1.549129
0.144145 -0.477565 1.589660
0.123542 -0.486400 1.632597
0.102236 -0.493725 1.668898
0.131574 -0.482811 1.746560
0.107105 -0.491744 1.756853
0.105195 -0.491258 1.846408
0.141123 -0.477291 1.852139
0.113382 -0.486871 1.944984
0.104026 -0.489289 1.985819
0.149036 -0.470866 2.002439
0.139896 -0.473686 2.095130
0.107822 -0.485455 2.138508
0.132116 -0.476016 2.163210
0.128043 -0.476483 2.207793
0.135342 -0.468575 2.285571
0.108744 -0.474972 2.344548
0.132026 -0.463747 2.355819
0.140199 -0.452097 2.416654
0.104598 -0.466796 2.455828
0.112371 -0.457292 2.507778
0.109223 -0.453450 2.552206
0.101115 -0.451846 2.600386
0.104975 -0.401403 -0.716506
0.110969 -0.403943 -0.680796
0.113305 -0.412327 -0.613891
0.140075 -0.404352 -0.588930
0.139814 -0.411456 -0.526763
0.147319 -0.414153 -0.474657
0.132421 -0.421766 -0.442391
0.102650 -0.439492 -0.388406
0.101558 -0.444730 -0.320724
0.133255 -0.433334 -0.279211
0.112869 -0.444837 -0.244215
0.121356 -0.444231 -0.194153
0.139558 -0.442118 -0.101206
0.140446 -0.443497 -0.072672
0.145314 -0.445173 -0.008342
0.146329 -0.445342 0.002647
0.144785 -0.449037 0.060922
0.147708 -0.449715 2.397502
0.141503 -0.448710 2.434950
0.146941 -0.436920 2.480997
0.123256 -0.446301 2.536572
0.136217 -0.426707 2.574456
0.114709 -0.433501 2.640010
0.103732 -0.440625 2.655154
0.106703 -0.413981 2.724316
0.101329 -0.406934 2.750886
0.101583 -0.350048 -1.002368
0.108522 -0.353818 -0.960575
0.106718 -0.365669 -0.905049
0.122511 -0.361569 -0.873211
0.112201 -0.376632 -0.831355
0.134808 -0.377735 -0.753417
0.104179 -0.398454 -0.736743
0.121730 -0.397979 -0.683762
0.148434 -0.393614 -0.641504
0.148105 -0.396650 2.598444
0.148644 -0.380216 2.610520
0.129630 -0.364039 2.668897
0.102477 -0.360052 2.736908
0.102142 -0.393238 2.755184
0.111494 -0.301678 -1.211698
0.112596 -0.309081 -1.172279
0.112684 -0.314857 -1.143870
0.110129 -0.329662 -1.079226
0.118536 -0.333437 -1.029921
0.128882 -0.338167 -0.965984
0.146020 -0.334923 -0.909246
0.135031 -0.348982 -0.888319
0.148609 -0.347664 -0.840640
0.147840 -0.300415 2.540429
0.149518 -0.342062 2.595487
0.144012 -0.342159 2.610872
0.105050 -0.321210 2.671459
0.103497 -0.344106 2.714114
0.100757 -0.253682 -1.467556
0.108850 -0.259695 -1.411830
0.123587 -0.256317 -1.366596
0.107664 -0.279284 -1.329484
0.117631 -0.280798 -1.285144
0.144815 -0.266791 -1.225281
0.147412 -0.280665 -1.153458
0.148681 -0.290187 -1.104970
0.149310 -0.295614 -1.077275
0.144716 -0.250982 2.441072
0.143121 -0.256227 2.456244
0.125784 -0.280315 2.543729
0.121902 -0.289479 2.571819
0.108869 -0.296101 2.610687
0.106617 -0.200732 -1.656768
0.102090 -0.216866 -1.614143
0.104054 -0.228642 -1.559744
0.118895 -0.222660 -1.521072
0.138423 -0.206683 -1.482401
0.125019 -0.245672 -1.403868
0.131407 -0.243599 -1.383019
0.143869 -0.237663 -1.344460
0.140899 -0.202535 2.328610
0.100925 -0.209901 2.394399
0.127640 -0.237395 2.434885
0.129011 -0.247002 2.457264
0.101949 -0.249807 2.503374
0.104302 -0.152332 -1.831338
0.103581 -0.172380 -1.770030
0.101828 -0.182714 -1.742195
0.115872 -0.178109 -1.692605
0.117262 -0.190185 -1.645644
0.123036 -0.198700 -1.588416
0.134989 -0.199738 -1.523665
0.149472 -0.184685 -1.486907
0.130130 -0.153344 2.230056
0.127445 -0.177789 2.284883
0.115538 -0.195402 2.340444
0.100733 -0.194096 2.351554
0.101486 -0.107571 -1.967891
0.108912 -0.116665 -1.902956
0.113982 -0.112013 -1.881466
0.113282 -0.144432 -1.807623
0.126611 -0.110665 -1.799179
0.131815 -0.118901 -1.749689
0.144245 -0.101239 -1.677734
0.145503 -0.147698 -1.602753
0.147705 -0.149731 -1.583788
0.137318 -0.101023 -1.113510
0.131675 -0.103922 -1.054998
0.117507 -0.102985 -1.034883
0.118259 -0.105073 -0.999270
0.144553 -0.112399 -0.926000
0.118806 -0.110739 -0.881522
0.100199 -0.101356 -0.828504
0.112184 -0.112437 -0.783572
0.120604 -0.115329 -0.728026
0.145099 -0.119697 -0.678851
0.137368 -0.118946 -0.628130
0.147970 -0.118983 -0.558299
0.149662 -0.118623 -0.533161
0.103581 -0.105530 -0.480298
0.148555 -0.115404 -0.442596
0.104227 -0.100653 -0.394212
0.124231 -0.103866 -0.347051
0.129793 -0.103579 2.146430
0.137044 -0.132137 2.187928
0.105736 -0.129546 2.203128
0.104252 -0.067847 -2.011184
0.107110 -0.063257 -1.990723
0.117475 -0.066308 -1.905429
0.120954 -0.059877 -1.873196
0.124622 -0.064747 -1.844087
0.130345 -0.053938 -1.782088
0.137289 -0.060132 -1.726818
0.142417 -0.082567 -1.697397
0.149309 -0.063954 -1.621736
0.145816 -0.065515 -1.220971
0.105236 -0.076463 -1.176165
0.131649 -0.098607 -1.137910
0.104615 -0.097846 -1.051430
0.102160 -0.096618 -1.045869
0.102552 -0.051849 -0.956330
0.104906 -0.050490 -0.942791
0.100007 -0.099313 -0.888922
0.100902 -0.052659 -0.815251
0.101238 -0.051297 -0.783376
0.100247 -0.052110 -0.710120
0.100526 -0.050442 -0.652660
0.100274 -0.050236 -0.605600
0.100053 -0.050516 -0.591047
0.100043 -0.099027 -0.457018
0.100227 -0.082231 -0.407648
0.107980 -0.059354 -0.358539
0.121502 -0.085799 -0.330545
0.133242 -0.050795 2.057730
0.106656 -0.095505 2.143491
0.105084 -0.046221 -2.002623
0.106833 -0.036113 -1.972192
0.110599 -0.039946 -1.943661
0.107535 -0.010491 -1.877840
0.123905 -0.039116 -1.814430
0.119174 -0.013701 -1.771427
0.128667 -0.031259 -1.745022
0.132175 -0.022871 -1.678485
0.126872 -0.005801 -1.649508
0.145812 -0.028332 -1.562344
0.137653 -0.007409 -1.546428
0.145247 -0.004666 -1.450443
0.149676 -0.007583 -1.420607
0.149042 -0.000069 -1.379926
0.137118 -0.049675 -1.171541
0.116628 -0.049732 -1.107070
0.113286 -0.049932 -1.089069
0.111472 -0.049072 -1.023148
0.136213 -0.043221 -0.980316
0.134204 -0.041412 -0.908623
0.111110 -0.045491 -0.868592
0.121079 -0.041641 -0.819724
0.102686 -0.048336 -0.760095
0.136621 -0.036783 -0.739069
0.127189 -0.036859 -0.682784
0.107864 -0.042384 -0.632613
0.106206 -0.042505 -0.576339
0.130894 -0.033053 -0.519195
0.129335 -0.033150 -0.469038
0.100724 -0.049276 -0.410856
0.145073 -0.033379 -0.371678
0.115114 -0.046618 -0.342097
0.143587 -0.006284 1.982241
0.107651 -0.024688 2.033365
0.107406 -0.037668 2.053412
0.100082 0.005568 -1.862030
0.101411 0.006106 -1.843853
0.107243 0.008815 -1.761742
0.110274 0.012574 -1.701281
0.103461 0.021809 -1.696003
0.100795 0.033307 -1.613288
0.124974 0.005308 -1.599683
0.100087 0.039955 -1.549676
0.126860 0.018315 -1.481702
0.105948 0.043894 -1.446600
0.143022 0.006906 -1.396903
0.136853 0.025775 -1.305084
0.148511 0.014459 -1.273493
0.135959 0.033043 -1.237040
0.124076 0.049913 -1.156304
0.126729 0.048237 -1.144556
0.149199 0.028984 -1.087318
0.143855 0.037395 -1.028882
0.140974 0.041411 -0.997853
0.148039 0.037703 -0.915808
0.144430 0.044338 -0.852270
0.142251 0.046597 -0.847524
0.149464 0.044984 -0.761277
0.148095 0.048563 -0.725514
0.149576 0.048581 1.881299
0.141678 0.022342 1.940198
0.129120 0.013556 1.962595
0.102925 0.050019 -1.402971
0.101988 0.053619 -1.365650
0.104157 0.055590 -1.315870
0.107210 0.056349 -1.271459
0.109376 0.058560 -1.210038
0.112524 0.058428 -1.169456
0.112577 0.060145 -1.131916
0.120082 0.056199 -1.089497
0.116860 0.060539 -1.031019
0.130103 0.052550 -0.955078
0.109981 0.068365 -0.919127
0.111393 0.068694 -0.883528
0.136043 0.052583 -0.836628
0.131672 0.059423 -0.775017
0.132830 0.060493 -0.740186
0.124542 0.069872 -0.681731
0.127221 0.072449 -0.605058
0.130897 0.072816 -0.555612
0.106950 0.088813 -0.524204
0.128036 0.080562 -0.450744
0.121146 0.084884 -0.447221
0.133133 0.081571 -0.371949
0.145695 0.076880 -0.307378
0.108268 0.098862 -0.284849
0.116261 0.097366 -0.230253
0.143802 0.084379 -0.185769
0.126724 0.095776 -0.143573
0.130218 0.097450 -0.055737
0.130587 0.097592 -0.046843
0.149900 0.089935 0.028878
0.149219 0.091070 0.051155
0.146599 0.094163 0.107314
0.139735 0.099040 0.165956
0.140783 0.099603 0.232357
0.149609 0.095356 0.250388
0.148991 0.096409 0.333356
0.144191 0.099002 0.390157
0.144364 0.098931 0.426388
0.148217 0.096937 0.484548
0.147312 0.097213 0.536153
0.144500 0.098439 0.565019
0.147968 0.096453 0.620779
0.142611 0.098592 0.686881
0.142217 0.098427 0.739136
0.142987 0.097726 0.792079
0.148093 0.095113 0.824635
0.139732 0.098859 0.853556
0.137853 0.099477 0.900811
0.139784 0.098417 0.954692
0.136641 0.099565 1.043209
0.139727 0.098187 1.050339
0.138604 0.098484 1.134474
0.145453 0.095309 1.152011
0.140804 0.097027 1.248308
0.136015 0.098939 1.277812
0.138602 0.097611 1.301750
0.133255 0.098990 1.376103
0.149857 0.091024 1.402113
0.149271 0.090116 1.453584
0.137144 0.092661 1.537432
0.114509 0.099565 1.575337
0.146903 0.083548 1.618210
0.142331 0.079962 1.684414
0.119287 0.082856 1.741708
0.125398 0.073010 1.796432
0.134859 0.068049 1.803620
0.109853 0.066228 1.872856
0.108292 0.054323 1.915228
0.101513 0.100841 -0.309526
0.101596 0.102323 -0.270674
0.109749 0.100633 -0.223641
0.104542 0.104275 -0.185897
0.110152 0.103362 -0.146804
0.115546 0.103227 -0.085875
0.118649 0.104048 -0.020755
0.120836 0.104055 0.010765
0.119430 0.106255 0.069896
0.130786 0.102234 0.113279
0.105504 0.113611 0.173304
0.124534 0.106848 0.218235
0.118973 0.109733 0.284255
0.126266 0.106866 0.303389
0.104676 0.115121 0.391816
0.129566 0.105646 0.437917
0.138894 0.101453 0.468299
0.103431 0.114912 0.540537
0.100347 0.115588 0.584425
0.120166 0.108463 0.628684
0.120769 0.107825 0.685861
0.117001 0.108916 0.728792
0.106055 0.112459 0.760372
0.109695 0.110881 0.814345
0.121742 0.106320 0.853971
0.107685 0.110950 0.927074
0.106621 0.111189 0.955132
0.113343 0.108781 1.002137
0.108676 0.110120 1.095067
0.128967 0.102609 1.115807
0.118688 0.106455 1.154795
0.123057 0.104592 1.213197
0.109484 0.109199 1.257458
0.117151 0.105888 1.331147
0.116925 0.105682 1.353886
0.103666 0.108688 1.431375
0.105652 0.107533 1.452199
0.102364 0.106575 1.511873
0.103022 0.103394 1.574341
0.105107 0.100926 1.603847
0.148364 0.649403 -2.803329
0.115073 0.646358 -2.783792
0.137530 0.640160 -2.726572
0.139923 0.637917 -2.680623
0.108985 0.636765 -2.648840
0.146308 0.635646 -2.581899
0.144037 0.635310 -2.544695
0.103345 0.634704 -2.496996
0.146436 0.636485 -2.417231
0.117812 0.636700 -2.386786
0.115328 0.642909 -2.306169
0.100531 0.646697 -2.281597
0.149387 0.650569 -2.807102
0.110289 0.663593 -2.786152
0.110025 0.669111 -2.711663
0.141061 0.669687 -2.695521
0.144098 0.670501 -2.604969
0.146752 0.670487 -2.566932
0.107070 0.670497 -2.519946
0.145569 0.670171 -2.468931
0.140965 0.669915 -2.440714
0.102262 0.668803 -2.370870
0.128506 0.664616 -2.321422
0.103167 0.657744 -2.279051
0.152236 -0.450089 0.160905
0.156429 -0.450176 0.219015
0.153330 -0.452878 0.263283
0.157490 -0.452692 0.341852
0.156959 -0.453568 0.375363
0.155698 -0.455211 0.439160
0.160880 -0.452892 0.460809
0.156405 -0.455988 0.524063
0.161982 -0.453918 0.599641
0.168582 -0.450657 0.640014
0.156089 -0.457961 0.682434
0.159537 -0.456788 0.740638
0.150778 -0.461872 0.788435
0.152221 -0.461402 0.808838
0.163858 -0.456206 0.881785
0.165213 -0.456325 0.940111
0.165891 -0.456357 0.965653
0.156813 -0.462370 1.031368
0.170349 -0.456047 1.092105
0.173106 -0.455398 1.143092
0.176998 -0.453915 1.186809
0.153820 -0.467296 1.212678
0.183666 -0.451154 1.258429
0.162090 -0.464991 1.316796
0.159860 -0.466817 1.351392
0.184031 -0.453757 1.413849
0.177348 -0.458539 1.454174
0.159879 -0.469395 1.534752
0.158465 -0.470443 1.573561
0.186877 -0.454018 1.633490
0.171957 -0.463153 1.691955
0.191942 -0.450376 1.709707
0.189589 -0.451487 1.757606
0.169063 -0.463553 1.811930
0.163724 -0.465627 1.866661
0.174811 -0.457751 1.937711
0.164771 -0.463010 1.973594
0.175773 -0.455884 2.003180
0.171371 -0.457249 2.080314
0.168705 -0.458362 2.112025
0.160404 -0.461979 2.180280
0.155605 -0.463359 2.213761
0.157747 -0.456389 2.288845
0.157762 -0.451333 2.333757
0.150414 -0.452611 2.361696
0.199021 -0.400552 -0.564156
0.150124 -0.406539 -0.547053
0.185446 -0.407621 -0.490158
0.188013 -0.412178 -0.413541
0.163604 -0.416207 -0.398774
0.154414 -0.422062 -0.339500
0.193271 -0.417594 -0.286384
0.158785 -0.428918 -0.201336
0.184830 -0.423398 -0.183923
0.150750 -0.435987 -0.127731
0.173571 -0.432634 -0.050236
0.195259 -0.428398 -0.017159
0.182493 -0.432985 0.015542
0.162528 -0.442530 0.081170
0.170131 -0.440389 0.100601
0.163779 -0.444712 0.150710
0.164158 -0.447263 0.238961
0.184474 -0.439227 0.288134
0.183939 -0.439588 0.300427
0.181680 -0.441243 0.385905
0.167228 -0.449164 0.425278
0.191424 -0.435819 0.485620
0.181546 -0.441996 0.524679
0.169137 -0.449831 0.589273
0.170772 -0.449235 0.625475
0.176882 -0.446047 0.674127
0.174371 -0.448047 0.718402
0.185887 -0.441088 0.753511
0.189266 -0.439949 0.843028
0.175573 -0.449478 0.887985
0.193284 -0.438279 0.916757
0.196045 -0.436991 0.957067
0.196135 -0.438562 1.047252
0.193975 -0.440311 1.058631
0.195581 -0.440215 1.112670
0.186010 -0.447823 1.167181
0.193270 -0.444143 1.228370
0.190495 -0.446944 1.273625
0.189091 -0.448901 1.326257
0.195500 -0.445400 1.376005
0.193081 -0.448131 1.440430
0.197382 -0.445657 1.479222
0.197877 -0.445636 1.506896
0.197195 -0.446618 1.558316
0.196666 -0.447331 1.635858
0.193753 -0.449363 1.657206
0.198986 -0.445373 1.712718
0.198518 -0.445029 1.770399
0.196847 -0.445310 1.823684
0.195488 -0.444725 1.896570
0.198392 -0.441497 1.943344
0.198530 -0.441135 1.954502
0.185847 -0.449255 2.003394
0.198572 -0.438034 2.097455
0.185514 -0.447249 2.126841
0.188829 -0.444033 2.171383
0.185080 -0.444500 2.220244
0.181091 -0.444185 2.256623
0.164075 -0.446642 2.336672
0.182570 -0.421214 2.388011
0.158445 -0.436388 2.429800
0.180770 -0.402342 2.457768
0.154621 -0.410757 2.546008
0.150346 -0.407342 2.571336
0.150144 -0.353080 -0.811869
0.154474 -0.364460 -0.753180
0.154837 -0.366432 -0.744762
0.174950 -0.382738 -0.655543
0.165759 -0.388194 -0.645029
0.189069 -0.396155 -0.596418
0.199167 -0.394088 2.398776
0.188968 -0.390783 2.448060
0.185895 -0.382863 2.472369
0.175985 -0.388137 2.503819
0.158586 -0.372455 2.579282
0.150739 -0.380049 2.603420
0.151280 -0.300701 -1.043879
0.160947 -0.305698 -0.969772
0.159541 -0.318870 -0.918463
0.182667 -0.301332 -0.863749
0.158628 -0.336891 -0.845269
0.185010 -0.323614 -0.779736
0.191095 -0.332568 -0.735526
0.194911 -0.346988 -0.698642
0.196379 -0.305382 2.424921
0.178232 -0.301033 2.467821
0.164696 -0.308825 2.513883
0.153135 -0.348697 2.590525
0.151399 -0.252030 -1.250567
0.152198 -0.262323 -1.205633
0.153128 -0.265015 -1.189737
0.165145 -0.260234 -1.141135
0.173336 -0.263115 -1.078500
0.180965 -0.261370 -1.033533
0.190226 -0.261313 -0.964275
0.178200 -0.294513 -0.917288
0.193833 -0.283719 -0.854306
0.193928 -0.298374 -0.807793
0.199525 -0.290251 -0.797118
0.199629 -0.255357 2.340529
0.199836 -0.265294 2.357399
0.171140 -0.258885 2.408496
0.175414 -0.294914 2.465564
0.155123 -0.296110 2.515986
0.153782 -0.203962 -1.404520
0.159528 -0.207162 -1.360216
0.158776 -0.218845 -1.327825
0.155798 -0.236134 -1.285777
0.171780 -0.223431 -1.232595
0.179698 -0.227696 -1.165572
0.178681 -0.248256 -1.100288
0.185884 -0.246791 -1.053529
0.199340 -0.214758 -1.049600
0.196935 -0.240885 -0.984408
0.198709 -0.247010 -0.946446
0.198473 -0.205408 2.249380
0.177327 -0.209198 2.291151
0.150796 -0.208647 2.329853
0.152282 -0.236573 2.394038
0.155572 -0.245359 2.408820
0.153521 -0.163973 -1.514012
0.160607 -0.163291 -1.467796
0.169296 -0.160786 -1.411577
0.177656 -0.159430 -1.351949
0.179356 -0.162604 -1.333502
0.178650 -0.188513 -1.284553
0.191043 -0.172238 -1.223915
0.199139 -0.163177 -1.167939
0.197480 -0.185047 -1.143405
0.198970 -0.199326 -1.096252
0.194476 -0.155543 2.171808
0.168566 -0.172887 2.230007
0.171560 -0.188606 2.256982
0.155225 -0.199041 2.301357
0.150951 -0.104232 -1.622565
0.154298 -0.108268 -1.593413
0.160453 -0.120232 -1.535668
0.166575 -0.101889 -1.493988
0.175946 -0.127323 -1.405472
0.181467 -0.119424 -1.363089
0.187484 -0.105239 -1.308155
0.192930 -0.105845 -1.255805
0.194619 -0.120430 -1.243218
0.198650 -0.100371 -1.153192
0.186698 -0.101109 -1.141399
0.165332 -0.105023 -1.074896
0.175253 -0.107914 -1.037269
0.167515 -0.110212 -0.993173
0.190273 -0.114318 -0.933504
0.177599 -0.117053 -0.867337
0.188767 -0.119405 -0.813832
0.195098 -0.120973 -0.775080
0.195934 -0.122106 -0.713198
0.164362 -0.121209 -0.697069
0.152161 -0.120244 -0.632450
0.159847 -0.120158 -0.567204
0.168527 -0.120141 -0.535726
0.163164 -0.118546 -0.491695
0.152362 -0.114249 -0.412657
0.194401 -0.113777 -0.373636
0.156644 -0.106280 -0.330523
0.185477 -0.103228 2.099145
0.198905 -0.140149 2.143369
0.162376 -0.136554 2.175447
0.152429 -0.147846 2.201498
0.150851 -0.089635 -1.626904
0.154241 -0.076088 -1.590952
0.157555 -0.063439 -1.544296
0.168245 -0.088079 -1.474929
0.168778 -0.056616 -1.421874
0.173467 -0.056318 -1.373955
0.180283 -0.072207 -1.341080
0.184032 -0.066706 -1.290715
0.168376 -0.051301 -1.208141
0.189063 -0.095837 -1.198284
0.197656 -0.062144 -1.109895
0.195782 -0.052443 -1.091940
0.198263 -0.051961 -1.045248
0.152118 -0.055829 -0.306142
0.199313 -0.052911 -0.292902
0.186457 -0.050057 2.010423
0.151122 -0.061487 2.060794
0.151957 -0.089658 2.103338
0.151012 -0.049021 -1.576608
0.151898 -0.039878 -1.542198
0.151796 -0.021801 -1.473091
0.152331 -0.010179 -1.407204
0.154564 -0.009237 -1.377467
0.173262 -0.045769 -1.344146
0.177925 -0.041579 -1.277776
0.181337 -0.040578 -1.233832
0.168554 -0.049191 -1.189057
0.170900 -0.004336 -1.138025
0.175748 -0.005390 -1.060320
0.182937 -0.042742 -1.046573
0.184317 -0.012159 -0.954452
0.167976 -0.039369 -0.922935
0.174008 -0.037364 -0.859914
0.157617 -0.036711 -0.803835
0.193677 -0.034595 -0.785876
0.175443 -0.033162 -0.707397
0.167649 -0.032944 -0.687124
0.168684 -0.031988 -0.646182
0.153092 -0.032063 -0.596542
0.192876 -0.028943 -0.521327
0.199998 -0.028380 -0.473320
0.158691 -0.030409 -0.441163
0.160656 -0.031719 -0.376913
0.150913 -0.034615 -0.347760
0.186511 -0.048306 -0.296454
0.199491 -0.011245 1.936966
0.179123 -0.007655 1.953536
0.163815 -0.045120 2.025057
0.154435 0.001834 -1.305733
0.157465 0.004311 -1.250311
0.161857 0.003272 -1.201967
0.161161 0.007612 -1.170252
0.163959 0.009471 -1.101688
0.164787 0.010445 -1.071363
0.171683 0.004608 -1.006660
0.173162 0.005633 -0.952639
0.159497 0.024072 -0.940839
0.160574 0.026827 -0.866818
0.180558 0.002368 -0.844177
0.159879 0.033100 -0.782104
0.155363 0.041703 -0.724920
0.158675 0.041228 -0.685158
0.181043 0.022673 -0.607575
0.168706 0.037896 -0.593903
0.174364 0.038793 -0.510108
0.165476 0.049268 -0.489508
0.184884 0.035880 -0.412727
0.199004 0.025036 -0.355751
0.192508 0.034685 -0.332114
0.197035 0.034201 -0.281495
0.196034 0.038028 -0.249600
0.195813 0.046111 -0.150331
0.193660 0.048465 -0.146344
0.199160 0.046546 -0.099941
0.199966 0.049566 1.649971
0.199845 0.049520 1.651469
0.198033 0.042025 1.733464
0.187845 0.046784 1.751087
0.192916 0.034088 1.813147
0.191840 0.026531 1.862581
0.186695 0.009434 1.919858
0.154464 0.003680 1.958495
0.150662 0.050285 -0.664802
0.151819 0.051832 -0.627139
0.150380 0.058184 -0.552804
0.151575 0.058944 -0.526818
0.162364 0.052811 -0.480345
0.157180 0.060159 -0.439761
0.151078 0.068405 -0.386962
0.172930 0.053854 -0.335204
0.160097 0.067597 -0.288718
0.171551 0.063033 -0.217315
0.167871 0.069902 -0.150852
0.175984 0.066447 -0.103061
0.190701 0.054809 -0.093180
0.190363 0.059033 -0.028236
0.181008 0.069100 0.022487
0.160783 0.085565 0.092250
0.189994 0.065550 0.102115
0.185955 0.070346 0.150539
0.157825 0.090645 0.236416
0.198809 0.063845 0.286546
0.152385 0.094498 0.311963
0.174569 0.081965 0.372784
0.185921 0.074761 0.448605
0.171507 0.084083 0.496674
0.167074 0.086668 0.519430
0.173346 0.082693 0.590686
0.180213 0.078291 0.617249
0.179981 0.078292 0.650209
0.156750 0.091219 0.745841
0.177465 0.079226 0.773520
0.182835 0.075594 0.820152
0.172264 0.081879 0.876288
0.163883 0.086419 0.948380
0.158695 0.089081 0.999533
0.172560 0.081283 1.027291
0.170594 0.082366 1.063136
0.174419 0.079959 1.134766
0.160416 0.087763 1.170748
0.161244 0.087162 1.210945
0.158631 0.088138 1.280516
0.198803 0.062584 1.348826
0.176824 0.076804 1.374956
0.174366 0.076762 1.448749
0.190526 0.065744 1.475595
0.171228 0.076033 1.524990
0.156159 0.082052 1.569918
0.160430 0.074445 1.648083
0.169256 0.065165 1.694304
0.171739 0.061123 1.717385
0.163296 0.056239 1.789206
0.158500 0.052639 1.828943
0.154887 0.050602 1.852932
0.182168 0.649851 -2.811272
0.171589 0.647489 -2.799661
0.178493 0.639114 -2.709208
0.183600 0.638636 -2.698261
0.190259 0.636903 -2.639721
0.158301 0.635757 -2.582374
0.190149 0.635845 -2.545373
0.179993 0.635799 -2.498239
0.164876 0.637208 -2.410301
0.154068 0.638233 -2.379595
0.195735 0.645934 -2.336068
0.162159 0.650580 -2.809585
0.178976 0.665026 -2.791745
0.163915 0.668734 -2.734453
0.164644 0.670044 -2.678669
0.179860 0.670436 -2.619332
0.190960 0.670414 -2.585276
0.167379 0.670353 -2.524124
0.178189 0.669959 -2.464570
0.185702 0.669287 -2.428575
0.179300 0.666921 -2.370481
0.177671 0.654768 -2.313654
0.204753 -0.401246 -0.556668
0.236090 -0.402555 -0.535122
0.239451 -0.407275 -0.454639
0.230687 -0.409405 -0.414520
0.244610 -0.409708 -0.386817
0.202909 -0.415803 -0.302439
0.218776 -0.414860 -0.286723
0.217383 -0.416904 -0.230211
0.235867 -0.416329 -0.188440
0.203070 -0.421706 -0.148870
0.224941 -0.421655 -0.056876
0.227988 -0.422187 -0.022704
0.218050 -0.425157 0.026676
0.239046 -0.422121 0.050688
0.219809 -0.426719 0.127602
0.232523 -0.424130 0.168054
0.236343 -0.421849 0.243617
0.215503 -0.427121 0.272828
0.204855 -0.430505 0.301491
0.244935 -0.411237 0.371104
0.213307 -0.423396 0.423935
0.238195 -0.404375 0.485515
0.241154 -0.400421 0.507601
0.222571 -0.412649 0.581821
0.223197 -0.411775 0.604291
0.223277 -0.411278 0.694181
0.205517 -0.426603 0.736993
0.232942 -0.402623 0.766241
0.226019 -0.410054 0.820655
0.234271 -0.402821 0.863035
0.205002 -0.429415 0.906379
0.211552 -0.425730 0.991441
0.210929 -0.427303 1.046975
0.222916 -0.417987 1.088154
0.229943 -0.412023 1.109895
0.241260 -0.401732 1.151317
0.231393 -0.413071 1.224462
0.234463 -0.411082 1.270818
0.239968 -0.406895 1.335394
0.236929 -0.410248 1.350832
0.219373 -0.427662 1.423025
0.236435 -0.412879 1.481980
0.222868 -0.425826 1.509300
0.227600 -0.422176 1.575200
0.207536 -0.439233 1.618326
0.214722 -0.433389 1.683840
0.232735 -0.417100 1.709883
0.228537 -0.419600 1.796427
0.231284 -0.416782 1.804194
0.201790 -0.440434 1.878559
0.201848 -0.439003 1.936526
0.214445 -0.427881 1.964388
0.201605 -0.436838 2.038961
0.202479 -0.435549 2.065748
0.231867 -0.404412 2.145063
0.221582 -0.415416 2.161417
0.221865 -0.408095 2.236707
0.207054 -0.415915 2.288267
0.202551 -0.413284 2.323746
0.201859 -0.403335 2.362403
0.213178 -0.360206 -0.658971
0.222752 -0.365208 -0.649650
0.231709 -0.399888 -0.563464
0.248690 -0.397457 0.478388
0.247239 -0.392758 0.537665
0.247051 -0.391751 0.553580
0.241853 -0.394616 0.600192
0.248663 -0.385663 0.693734
0.240206 -0.394909 0.731855
0.235911 -0.399773 0.777146
0.246893 -0.388892 0.828368
0.240479 -0.396668 0.873151
0.242162 -0.395667 0.911726
0.245753 -0.393621 0.997609
0.240920 -0.399450 1.029364
0.242581 -0.398633 1.072354
0.246233 -0.396271 1.142846
0.244718 -0.398336 1.162546
0.249396 -0.394352 1.214442
0.248819 -0.396131 1.268082
0.246246 -0.399661 1.302913
0.248362 -0.398521 1.362285
0.248615 -0.399149 1.413049
0.249024 -0.399501 1.464441
0.249650 -0.399675 1.536839
0.249866 -0.399548 1.683731
0.249862 -0.399155 1.715599
0.249090 -0.399008 1.766511
0.247758 -0.398690 1.829550
0.245391 -0.399958 1.869498
0.248900 -0.392839 1.940073
0.241341 -0.399928 1.985485
0.245953 -0.392587 2.022550
0.242349 -0.395732 2.051859
0.242502 -0.390695 2.140439
0.249426 -0.375135 2.183343
0.240746 -0.384950 2.214333
0.238704 -0.369533 2.271729
0.223535 -0.368031 2.341216
0.214877 -0.378897 2.361491
0.200747 -0.367123 2.431503
0.201351 -0.304641 -0.753609
0.203262 -0.327238 -0.708375
0.213030 -0.328875 -0.682034
0.233580 -0.321024 -0.644053
0.247606 -0.303361 -0.593450
0.245819 -0.324068 2.278800
0.228286 -0.345143 2.340657
0.213662 -0.333810 2.392918
0.200551 -0.321742 2.428610
0.200842 -0.251453 -0.911487
0.204038 -0.257161 -0.863518
0.206719 -0.260015 -0.831403
0.202509 -0.288007 -0.784326
0.218187 -0.280286 -0.701637
0.224165 -0.256065 -0.693665
0.228070 -0.292443 -0.644295
0.237457 -0.263069 -0.571103
0.242197 -0.274903 -0.541947
0.248375 -0.275270 -0.491392
0.249873 -0.257146 -0.447738
0.246303 -0.270875 2.244734
0.234836 -0.271825 2.278176
0.232714 -0.294460 2.308412
0.217624 -0.294820 2.353031
0.201588 -0.296766 2.400104
0.200276 -0.205653 -1.067209
0.205595 -0.202871 -1.022413
0.203706 -0.230644 -0.956803
0.206382 -0.239125 -0.902296
0.215284 -0.217641 -0.876498
0.218832 -0.215616 -0.843354
0.223029 -0.224815 -0.775300
0.230373 -0.203176 -0.742096
0.232996 -0.216506 -0.687733
0.235975 -0.240573 -0.607481
0.241866 -0.217324 -0.591790
0.248826 -0.219115 -0.516145
0.248165 -0.238987 -0.485677
0.243250 -0.203794 2.165573
0.239411 -0.224835 2.203290
0.212201 -0.241104 2.287761
0.201481 -0.236841 2.302631
0.200062 -0.161459 -1.161733
0.200983 -0.172312 -1.136008
0.208614 -0.161508 -1.072967
0.213279 -0.160676 -1.017508
0.213700 -0.178220 -0.986691
0.220835 -0.150948 -0.920305
0.224740 -0.173927 -0.851368
0.224326 -0.197973 -0.820627
0.232175 -0.154042 -0.765541
0.235473 -0.182320 -0.711813
0.240907 -0.151086 -0.655160
0.243443 -0.173279 -0.624844
0.249413 -0.163077 -0.558246
0.249939 -0.199602 -0.532574
0.248510 -0.164084 2.098658
0.239538 -0.161267 2.112510
0.231689 -0.196636 2.178270
0.200963 -0.186506 2.212216
0.200763 -0.108770 -1.175792
0.205747 -0.100269 -1.104774
0.209386 -0.122183 -1.080143
0.214751 -0.135486 -1.010454
0.201845 -0.111616 -0.986699
0.220881 -0.133123 -0.916176
0.245675 -0.118363 -0.868345
0.239935 -0.119679 -0.834397
0.228405 -0.107141 -0.762411
0.209607 -0.121918 -0.748161
0.232741 -0.123090 -0.654083
0.238358 -0.109153 -0.632775
0.240676 -0.101444 -0.585044
0.248329 -0.107586 -0.508012
0.207601 -0.119408 -0.469255
0.242616 -0.118530 -0.439267
0.202939 -0.114698 -0.382018
0.216125 -0.104041 -0.306468
0.227759 -0.101464 -0.299276
0.247276 -0.106630 2.017871
0.236601 -0.121950 2.059976
0.201490 -0.126354 2.119147
0.201056 -0.146808 2.150743
0.245192 -0.050107 -1.214464
0.215657 -0.098217 -1.180687
0.201466 -0.084700 -1.130598
0.206125 -0.092466 -1.083888
0.205011 -0.070722 -1.026256
0.213687 -0.095049 -0.965745
0.212410 -0.083666 -0.946823
0.216567 -0.080645 -0.859381
0.208810 -0.051395 -0.834504
0.219180 -0.066854 -0.754622
0.218374 -0.055508 -0.708387
0.230310 -0.093200 -0.697238
0.234781 -0.087592 -0.619505
0.241580 -0.094188 -0.554305
0.243322 -0.089883 -0.520721
0.243537 -0.076937 -0.475915
0.240585 -0.061265 -0.449416
0.246677 -0.059891 -0.373303
0.249176 -0.056534 -0.330086
0.221109 -0.050399 -0.290564
0.249104 -0.053427 1.927505
0.220051 -0.053149 1.973408
0.225651 -0.088348 2.017520
0.200064 -0.092324 2.058893
0.227168 -0.049747 -1.209944
0.228458 -0.047768 -1.189563
0.229061 -0.044159 -1.114066
0.228389 -0.042742 -1.073517
0.221151 -0.041893 -1.045938
0.214531 -0.040176 -0.990850
0.228998 -0.038645 -0.945941
0.203532 -0.043751 -0.874862
0.205831 -0.045099 -0.843340
0.208774 -0.045029 -0.793016
0.202952 -0.025144 -0.740314
0.248863 -0.031134 -0.683627
0.209661 -0.025551 -0.645072
0.207514 -0.012653 -0.578809
0.236562 -0.028096 -0.509739
0.246174 -0.027911 -0.490886
0.227278 -0.027799 -0.434671
0.232799 -0.032938 -0.399617
0.222364 -0.001653 -0.312118
0.235930 -0.022115 -0.297024
0.242721 -0.019734 -0.200513
0.234931 -0.001465 -0.157669
0.247417 -0.018499 -0.134399
0.241865 -0.000471 -0.058911
0.247981 -0.003905 -0.005113
0.248994 -0.003077 0.018509
0.245541 -0.001794 1.745163
0.244624 -0.008328 1.794539
0.243093 -0.015217 1.844035
0.236894 -0.014806 1.877781
0.246273 -0.030585 1.906703
0.226027 -0.048275 1.957488
0.200323 0.000180 -0.569339
0.200265 0.003258 -0.543440
0.201747 0.006429 -0.496909
0.207034 0.006572 -0.430064
0.212759 0.004283 -0.379713
0.200369 0.027673 -0.311708
0.218797 0.008839 -0.267780
0.226148 0.001685 -0.239493
0.211371 0.025479 -0.198225
0.216135 0.028270 -0.105887
0.217760 0.027086 -0.098015
0.241038 0.003626 -0.030538
0.209604 0.045429 0.038478
0.213915 0.041948 0.051780
0.229658 0.030300 0.140671
0.235218 0.024542 0.150489
0.249988 0.009534 0.211669
0.245737 0.017657 0.277585
0.217243 0.048750 0.320238
0.242112 0.024142 0.361181
0.229067 0.038940 0.425033
0.236897 0.031290 0.461860
0.242207 0.025982 0.517313
0.239479 0.029138 0.560324
0.233121 0.035787 0.646104
0.242267 0.026313 0.667036
0.239166 0.029512 0.742201
0.236332 0.032389 0.756067
0.238614 0.029881 0.838307
0.245376 0.022671 0.883098
0.238529 0.029844 0.936318
0.243951 0.024171 0.989763
0.242026 0.026205 1.000339
0.226527 0.041337 1.085289
0.243021 0.025131 1.116062
0.239055 0.029152 1.179873
0.231293 0.036653 1.215213
0.229573 0.038100 1.253476
0.234257 0.032856 1.348971
0.233904 0.032634 1.389061
0.223275 0.041741 1.424814
0.231601 0.032985 1.470334
0.247188 0.014345 1.545482
0.211453 0.044630 1.599045
0.217197 0.036127 1.649289
0.248899 0.003197 1.673707
0.241778 0.006761 1.710600
0.234094 0.001907 1.799150
0.200502 0.024689 1.836683
0.210733 0.010862 1.869969
0.202658 0.010618 1.907262
0.200703 0.050078 -0.024729
0.202252 0.051855 0.030336
0.205181 0.052168 0.088607
0.209684 0.050340 0.139851
0.210702 0.050517 0.167907
0.208192 0.054074 0.206041
0.206152 0.057473 0.268457
0.214383 0.051362 0.321897
0.209580 0.056469 0.396484
0.202907 0.062239 0.446911
0.212206 0.054648 0.453758
0.217087 0.050617 0.500304
0.209289 0.057314 0.572543
0.216945 0.050833 0.604449
0.213718 0.053469 0.664190
0.210875 0.055533 0.748316
0.202961 0.061702 0.763673
0.213830 0.052744 0.844933
0.210452 0.055487 0.850779
0.215731 0.050945 0.930929
0.209483 0.055980 0.976679
0.209033 0.056269 1.030903
0.201934 0.061622 1.099383
0.213358 0.052653 1.129903
0.200682 0.062370 1.180933
0.204849 0.059151 1.208197
0.204518 0.058879 1.297976
0.202126 0.060405 1.326412
0.203227 0.058785 1.386322
0.204878 0.056674 1.430156
0.202539 0.056749 1.489926
0.200373 0.057721 1.507519
0.206866 0.050255 1.564889
0.203501 0.050668 1.600892
0.239451 0.649994 -2.822488
0.201184 0.644605 -2.786148
0.220249 0.640038 -2.729558
0.245894 0.637818 -2.666597
0.210191 0.636851 -2.630350
0.248855 0.636632 -2.576629
0.249313 0.636725 -2.522519
0.235836 0.636894 -2.488412
0.235331 0.638533 -2.431221
0.208855 0.640724 -2.379185
0.222800 0.646608 -2.348461
0.239219 0.664128 -2.811593
0.225478 0.667525 -2.773802
0.223694 0.668867 -2.744016
0.244462 0.670001 -2.694305
0.223345 0.670370 -2.622820
0.246348 0.670277 -2.580440
0.209685 0.670192 -2.515218
0.237699 0.669880 -2.490753
0.243439 0.667718 -2.414084
0.203748 0.664820 -2.360121
0.209889 0.656851 -2.332407
0.273469 -0.400074 -0.551926
0.258339 -0.403932 -0.505901
0.284932 -0.403987 -0.487198
0.288581 -0.406975 -0.404203
0.279932 -0.408543 -0.364370
0.292084 -0.409101 -0.315253
0.253801 -0.412209 -0.284174
0.274560 -0.412628 -0.206387
0.292901 -0.411928 -0.178174
0.255115 -0.416330 -0.121577
0.292072 -0.414024 -0.073792
0.293252 -0.414983 -0.000659
0.257016 -0.418966 0.008090
0.253521 -0.420043 0.050695
0.299474 -0.414431 0.125379
0.298009 -0.413272 0.184087
0.263826 -0.415977 0.242242
0.285312 -0.411039 0.263169
0.281485 -0.407202 0.316266
0.264037 -0.401115 0.398597
0.252382 -0.404680 0.404800
0.293723 -0.369315 -0.635425
0.289786 -0.399282 -0.555173
0.298850 -0.396589 0.371672
0.286431 -0.385036 0.435208
0.288207 -0.353694 0.472740
0.281331 -0.351614 0.525576
0.273129 -0.360962 0.553762
0.269922 -0.360243 0.642095
0.259001 -0.373998 0.656793
0.257224 -0.375740 0.739220
0.251159 -0.383162 0.768177
0.257700 -0.375996 0.810386
0.273228 -0.356436 0.855293
0.272966 -0.358430 0.934591
0.277572 -0.352391 0.966978
0.267956 -0.367697 1.039935
0.272472 -0.361694 1.050901
0.257064 -0.383839 1.140002
0.275078 -0.360197 1.150187
0.253353 -0.390515 1.245043
0.280263 -0.354857 1.260138
0.253759 -0.391685 1.324177
0.274620 -0.365374 1.356511
0.271670 -0.370869 1.427885
0.265782 -0.379797 1.494352
0.271813 -0.372191 1.547728
0.267672 -0.377966 1.565113
0.267765 -0.377964 1.607171
0.284179 -0.352933 1.679326
0.280808 -0.357396 1.723804
0.272070 -0.368753 1.785002
0.262163 -0.381059 1.824555
0.264372 -0.376731 1.853498
0.269764 -0.364501 1.923455
0.259412 -0.375622 1.993708
0.264660 -0.366835 2.000831
0.269563 -0.351653 2.059354
0.255108 -0.371154 2.131559
0.260629 -0.355870 2.157237
0.250737 -0.368099 2.203724
0.257891 -0.318721 -0.609016
0.294172 -0.313743 -0.552681
0.278271 -0.302256 -0.505427
0.292596 -0.304742 -0.483223
0.298379 -0.303643 -0.444914
0.297594 -0.301428 -0.399957
0.299548 -0.316287 0.428516
0.293342 -0.341355 0.458698
0.294615 -0.322313 0.537760
0.299760 -0.308422 0.583642
0.291763 -0.325413 0.649555
0.290181 -0.328108 0.697565
0.292627 -0.323630 0.732320
0.277982 -0.348476 0.788363
0.287575 -0.333518 0.813496
0.285261 -0.338844 0.897291
0.296067 -0.319767 0.927648
0.285074 -0.340395 0.959443
0.281564 -0.347918 1.044289
0.294296 -0.326370 1.075049
0.298826 -0.318878 1.144022
0.294891 -0.327448 1.171172
0.298991 -0.320837 1.240050
0.299993 -0.319009 1.251711
0.293664 -0.332931 1.305780
0.299457 -0.322684 1.362966
0.291898 -0.338677 1.427205
0.296661 -0.330098 1.455117
0.292227 -0.339490 1.536131
0.294314 -0.335752 1.583414
0.287250 -0.348264 1.641646
0.286104 -0.349881 1.667822
0.298988 -0.324196 1.704740
0.297114 -0.326019 1.751440
0.289800 -0.337124 1.813046
0.291246 -0.325875 1.896831
0.282548 -0.342990 1.909935
0.290176 -0.317527 1.965465
0.275009 -0.342445 2.040520
0.276542 -0.330771 2.078652
0.268713 -0.342649 2.121359
0.268273 -0.318273 2.177339
0.255379 -0.309862 2.240899
0.250618 -0.337927 2.255144
0.257609 -0.299461 -0.553788
0.260883 -0.292832 -0.504156
0.257097 -0.284599 -0.466449
0.277475 -0.294726 -0.412131
0.256328 -0.251227 -0.384759
0.264414 -0.273453 -0.317124
0.271901 -0.280067 -0.260409
0.291981 -0.295095 -0.201771
0.296545 -0.297000 -0.186010
0.278808 -0.260467 -0.135552
0.289296 -0.289716 -0.093111
0.287987 -0.267078 -0.020191
0.290556 -0.282368 0.000291
0.293618 -0.266173 0.056282
0.297748 -0.290547 0.103462
0.299424 -0.281446 0.176001
0.299677 -0.299802 1.914438
0.294779 -0.297422 1.983327
0.294991 -0.283805 2.009062
0.288840 -0.280349 2.061870
0.280426 -0.277367 2.116025
0.265428 -0.265610 2.178221
0.253179 -0.268162 2.221386
0.250590 -0.200867 -0.524257
0.253086 -0.212993 -0.482156
0.256114 -0.236239 -0.410111
0.265268 -0.211341 -0.359675
0.262164 -0.243752 -0.335171
0.271207 -0.218847 -0.288117
0.275745 -0.217344 -0.243352
0.275403 -0.248983 -0.188435
0.287968 -0.216649 -0.113559
0.292694 -0.211029 -0.067773
0.290641 -0.248338 -0.019190
0.298005 -0.213927 0.000950
0.297014 -0.245283 0.055560
0.299840 -0.247446 0.102217
0.299393 -0.233347 1.997431
0.292558 -0.215781 2.024299
0.285153 -0.235043 2.073404
0.266659 -0.209388 2.114527
0.261713 -0.227453 2.150654
0.252451 -0.175421 -0.523094
0.254842 -0.175106 -0.497307
0.263921 -0.177035 -0.400575
0.267592 -0.157011 -0.359760
0.269962 -0.164631 -0.337244
0.277725 -0.157568 -0.252362
0.281615 -0.162066 -0.212497
0.284139 -0.165806 -0.186280
0.290527 -0.163911 -0.114691
0.292150 -0.153482 -0.089843
0.297499 -0.185150 -0.032661
0.299870 -0.199916 0.007208
0.299707 -0.175367 1.949835
0.296166 -0.180786 1.973247
0.267701 -0.153068 2.039728
0.268349 -0.190375 2.086103
0.250163 -0.194511 2.137625
0.278161 -0.101031 -1.154970
0.272630 -0.103846 -1.118383
0.286128 -0.105658 -1.092333
0.262807 -0.110061 -1.024851
0.293716 -0.113512 -0.965901
0.251795 -0.115590 -0.927477
0.299931 -0.118528 -0.865982
0.270902 -0.120639 -0.809088
0.255169 -0.122213 -0.755563
0.266170 -0.122967 -0.706642
0.263370 -0.123234 -0.669756
0.277608 -0.123209 -0.645091
0.280159 -0.122204 -0.550217
0.252746 -0.137318 -0.505958
0.255473 -0.124633 -0.458939
0.256573 -0.122946 -0.444142
0.290002 -0.114882 -0.377104
0.271313 -0.139223 -0.306370
0.269368 -0.115981 -0.292026
0.281222 -0.142141 -0.202261
0.280423 -0.107413 -0.150118
0.285963 -0.132438 -0.136765
0.290478 -0.125374 -0.071685
0.293175 -0.119794 -0.026008
0.296827 -0.122824 0.015479
0.298971 -0.116731 0.062262
0.298984 -0.100157 0.122881
0.299437 -0.100951 1.823622
0.294788 -0.113354 1.899492
0.293170 -0.122081 1.919209
0.282670 -0.113806 1.951479
0.251082 -0.126991 2.040110
0.250924 -0.144002 2.064948
0.260232 -0.096496 -1.200503
0.272989 -0.097070 -1.195974
0.253785 -0.090975 -0.403646
0.257735 -0.099589 -0.382984
0.262793 -0.092983 -0.309294
0.255262 -0.079142 -0.289038
0.267387 -0.084180 -0.230914
0.274630 -0.093111 -0.177001
0.278556 -0.093432 -0.132576
0.281189 -0.089561 -0.088345
0.285792 -0.083249 -0.004926
0.292238 -0.097257 0.029115
0.282926 -0.057805 0.090741
0.287588 -0.068164 0.100370
0.299888 -0.089229 0.198866
0.293259 -0.066419 0.226551
0.288941 -0.051069 0.284783
0.297927 -0.070908 0.308362
0.294087 -0.056559 0.385145
0.295911 -0.059393 0.414558
0.299722 -0.065160 0.498743
0.297666 -0.060201 0.501339
0.299462 -0.062738 0.562018
0.298545 -0.059281 0.628616
0.297085 -0.055579 0.660416
0.296769 -0.054229 0.720354
0.296602 -0.053348 0.786907
0.298031 -0.056241 0.810218
0.297210 -0.054130 0.865681
0.297082 -0.053511 0.923631
0.296082 -0.051021 0.996432
0.295822 -0.050257 1.040995
0.299431 -0.057683 1.051727
0.297244 -0.052809 1.108096
0.298654 -0.055558 1.154936
0.298877 -0.055905 1.239390
0.295950 -0.050067 1.284424
0.295906 -0.050280 1.334718
0.297456 -0.053566 1.356833
0.295598 -0.050769 1.418205
0.299063 -0.058488 1.453516
0.297387 -0.058051 1.536715
0.299801 -0.065597 1.581914
0.295630 -0.061761 1.640023
0.289885 -0.055151 1.680242
0.292761 -0.066540 1.724497
0.298178 -0.083413 1.758262
0.293648 -0.084262 1.812865
0.287903 -0.082311 1.860076
0.274350 -0.085640 1.921715
0.263822 -0.096616 1.959731
0.286269 -0.048427 -1.202088
0.261124 -0.045736 -1.157528
0.294168 -0.044119 -1.120277
0.251051 -0.043407 -1.097460
0.298308 -0.041566 -1.045720
0.252606 -0.039736 -0.987630
0.295551 -0.037564 -0.917412
0.296152 -0.035792 -0.857097
0.276442 -0.035398 -0.843192
0.254399 -0.034018 -0.793579
0.263860 -0.031612 -0.702643
0.275902 -0.031493 -0.698052
0.278386 -0.029416 -0.605895
0.278398 -0.028847 -0.572249
0.287354 -0.028119 -0.516677
0.294342 -0.027675 -0.483485
0.292628 -0.027982 -0.446583
0.270779 -0.030484 -0.359852
0.250816 -0.036908 -0.308808
0.250342 -0.043245 -0.294569
0.250924 -0.040191 -0.228806
0.259187 -0.047347 -0.169765
0.259036 -0.036478 -0.109677
0.259145 -0.030778 -0.071263
0.256600 -0.022896 -0.048154
0.254287 -0.009694 0.033227
0.268523 -0.029606 0.074509
0.280241 -0.045311 0.142152
0.265673 -0.015357 0.176937
0.285402 -0.047305 0.235015
0.268709 -0.014465 0.270335
0.288582 -0.046413 0.348760
0.287448 -0.043063 0.370686
0.284712 -0.036243 0.408564
0.269454 -0.009396 0.461749
0.271448 -0.011418 0.522492
0.282562 -0.028485 0.586089
0.276813 -0.018520 0.638201
0.285060 -0.032102 0.658427
0.267916 -0.005018 0.718004
0.278328 -0.020380 0.752296
0.290625 -0.041339 0.810388
0.292824 -0.045117 0.898085
0.292217 -0.043845 0.918653
0.279003 -0.020941 0.955172
0.294759 -0.048267 1.015875
0.264697 -0.000296 1.070149
0.276529 -0.016781 1.127347
0.283021 -0.026861 1.192501
0.280866 -0.023421 1.202296
0.283736 -0.028324 1.297901
0.277840 -0.019208 1.315833
0.280189 -0.023319 1.367601
0.277389 -0.020271 1.437678
0.288183 -0.039186 1.493917
0.262739 -0.003524 1.538285
0.260560 -0.002006 1.562448
0.266819 -0.013693 1.619176
0.253478 -0.001981 1.673439
0.261969 -0.021134 1.744305
0.253411 -0.015834 1.778938
0.250494 -0.019162 1.819183
0.257015 -0.033792 1.855645
0.254105 -0.049237 1.912278
0.252843 0.001937 0.147898
0.250874 0.007696 0.199062
0.256481 0.000873 0.214388
0.257736 0.002197 0.279100
0.260095 0.000082 0.309617
0.255827 0.007402 0.360656
0.256614 0.008037 0.441780
0.262356 0.000702 0.459811
0.250630 0.016238 0.504977
0.257867 0.007764 0.564264
0.255221 0.011406 0.641726
0.257095 0.009138 0.662888
0.262237 0.002641 0.707091
0.251659 0.015725 0.758259
0.254229 0.012650 0.804046
0.253093 0.013940 0.895391
0.254586 0.012174 0.917714
0.261300 0.003964 0.961732
0.264186 0.000353 1.048415
0.256770 0.009652 1.061015
0.261738 0.003534 1.146298
0.256045 0.010494 1.168978
0.263847 0.000735 1.219358
0.252058 0.014668 1.293251
0.261019 0.003688 1.329426
0.250477 0.015893 1.353395
0.258693 0.004812 1.439477
0.250609 0.012678 1.493917
0.253216 0.008838 1.517656
0.250299 0.008021 1.596899
0.254716 0.001851 1.613015
0.252873 0.000462 1.655533
0.263775 0.648518 -2.821046
0.265745 0.641641 -2.760637
0.263194 0.640261 -2.735918
0.254166 0.638156 -2.678484
0.271490 0.637462 -2.640058
0.297119 0.637261 -2.555133
0.284460 0.637616 -2.503267
0.281735 0.637733 -2.494729
0.279627 0.639446 -2.443909
0.283997 0.645319 -2.387525
0.270286 0.665520 -2.808243
0.292109 0.668693 -2.764191
0.265623 0.669888 -2.707121
0.257620 0.670044 -2.692662
0.262855 0.670277 -2.601431
0.289221 0.670164 -2.576921
0.275055 0.669949 -2.519650
0.286415 0.668898 -2.463669
0.281926 0.667451 -2.428241
0.251779 0.664353 -2.380605
0.311695 -0.401157 -0.520705
0.346798 -0.402482 -0.461031
0.323461 -0.404333 -0.437739
0.335823 -0.405602 -0.369406
0.343856 -0.406291 -0.315561
0.339631 -0.407532 -0.258214
0.323867 -0.409416 -0.201760
0.342957 -0.408762 -0.169810
0.323765 -0.410893 -0.115856
0.319395 -0.411684 -0.084439
0.317485 -0.412653 -0.021723
0.316591 -0.413007 0.013347
0.341448 -0.410864 0.079486
0.307332 -0.413535 0.127993
0.311735 -0.411873 0.177683
0.307292 -0.409851 0.233037
0.311044 -0.405304 0.287005
0.320582 -0.402167 0.305249
0.349527 -0.378856 -0.626385
0.348997 -0.391699 -0.594969
0.349893 -0.399613 -0.520711
0.328579 -0.398588 0.326322
0.348828 -0.381793 0.398918
0.345014 -0.377121 0.413752
0.317879 -0.332877 -0.607627
0.343115 -0.324436 -0.574437
0.338564 -0.315811 -0.522452
0.307739 -0.307194 -0.470449
0.309218 -0.304709 -0.415842
0.304977 -0.302220 -0.365270
0.308102 -0.302132 -0.326972
0.312716 -0.302686 -0.298490
0.322639 -0.304156 -0.239956
0.334559 -0.306045 -0.157594
0.331976 -0.305871 -0.124746
0.338757 -0.307081 -0.090945
0.318730 -0.304826 -0.003592
0.320317 -0.306280 0.044753
0.305005 -0.300563 0.073408
0.331756 -0.311412 0.125829
0.308764 -0.305108 0.158116
0.334558 -0.318677 0.235037
0.307031 -0.311422 0.285175
0.303612 -0.304973 0.315157
0.302725 -0.310763 0.354386
0.337070 -0.349022 0.408631
0.301453 -0.305452 0.461285
0.300733 -0.306377 0.526269
0.301036 -0.305155 0.572165
0.301268 -0.304536 0.627639
0.300168 -0.307368 0.655042
0.302248 -0.303264 0.747801
0.302177 -0.303630 0.761792
0.301872 -0.305509 0.832068
0.302526 -0.304945 0.883704
0.301249 -0.309220 0.949647
0.301025 -0.310226 0.973643
0.301588 -0.309614 1.002818
0.302816 -0.308992 1.095844
0.304800 -0.305063 1.124576
0.306957 -0.300797 1.163676
0.303768 -0.310239 1.234586
0.308304 -0.300735 1.294675
0.301718 -0.316495 1.302551
0.305978 -0.308808 1.396173
0.301472 -0.319822 1.436070
0.304966 -0.312331 1.458654
0.308745 -0.303670 1.507137
0.309445 -0.301939 1.586513
0.301310 -0.321231 1.617708
0.304949 -0.311912 1.664320
0.306224 -0.305997 1.724342
0.302938 -0.311332 1.768115
0.301714 -0.308520 1.827670
0.301225 -0.302795 1.875684
0.300815 -0.298998 -0.229166
0.301882 -0.299092 -0.199172
0.304999 -0.299879 -0.145207
0.302266 -0.298597 -0.072910
0.301161 -0.297924 -0.046632
0.304469 -0.299952 0.043771
0.301320 -0.297505 0.072028
0.301961 -0.251853 0.149541
0.301158 -0.270070 0.191747
0.302381 -0.277065 0.239663
0.304081 -0.274831 0.276626
0.307765 -0.265767 0.338495
0.303862 -0.291330 0.351382
0.312182 -0.257072 0.432255
0.311375 -0.263857 0.463745
0.304627 -0.293816 0.512183
0.310709 -0.273878 0.572996
0.309703 -0.280281 0.646594
0.311156 -0.275533 0.652151
0.317962 -0.252941 0.749067
0.310716 -0.280095 0.755009
0.307771 -0.290239 0.816404
0.319293 -0.252123 0.876003
0.317922 -0.260043 0.932008
0.315419 -0.271189 0.987073
0.308652 -0.292812 1.025376
0.307735 -0.296413 1.071021
0.306942 -0.299552 1.114372
0.319137 -0.264077 1.181836
0.315890 -0.277144 1.230362
0.309612 -0.297409 1.297771
0.316789 -0.276878 1.326579
0.315082 -0.283163 1.356416
0.323593 -0.252060 1.423196
0.310888 -0.297857 1.492147
0.321088 -0.264239 1.546475
0.315351 -0.284977 1.563242
0.319543 -0.268022 1.638715
0.314137 -0.286450 1.661968
0.313307 -0.284573 1.729720
0.309208 -0.294792 1.759837
0.316968 -0.254014 1.811860
0.313029 -0.253378 1.871648
0.307518 -0.251665 1.933024
0.300424 -0.277030 1.968900
0.300548 -0.201844 0.018128
0.303237 -0.208159 0.062695
0.303355 -0.241389 0.138919
0.309413 -0.206446 0.156752
0.311771 -0.206957 0.201368
0.312425 -0.233591 0.292488
0.317731 -0.206926 0.346190
0.316656 -0.218489 0.350277
0.319911 -0.207155 0.424492
0.320794 -0.209236 0.471869
0.317940 -0.238179 0.525433
0.322890 -0.205189 0.568294
0.323465 -0.211374 0.648958
0.322448 -0.224203 0.687072
0.321272 -0.234784 0.725903
0.323532 -0.223904 0.791525
0.324719 -0.216148 0.822175
0.322171 -0.238340 0.889380
0.325066 -0.219099 0.901767
0.322558 -0.239484 0.957369
0.321468 -0.247608 1.011656
0.322754 -0.243130 1.058303
0.327853 -0.206007 1.114102
0.327979 -0.211556 1.191816
0.325146 -0.237501 1.235321
0.325428 -0.237991 1.289086
0.325460 -0.239703 1.340237
0.326433 -0.234745 1.380714
0.329516 -0.202481 1.428016
0.328025 -0.223868 1.495635
0.324159 -0.249841 1.543156
0.324526 -0.246681 1.583555
0.327567 -0.220764 1.610113
0.325767 -0.229249 1.668068
0.326132 -0.201575 1.707765
0.322177 -0.200065 1.788304
0.319486 -0.236117 1.808858
0.315838 -0.237100 1.858992
0.308643 -0.239480 1.930484
0.304325 -0.239810 1.964834
0.348120 -0.154312 -0.914618
0.343109 -0.151902 -0.892587
0.348741 -0.167640 -0.835717
0.344713 -0.172480 -0.757252
0.346165 -0.175454 -0.736093
0.342818 -0.175433 -0.680594
0.338999 -0.172313 -0.623692
0.326371 -0.154890 -0.579388
0.333255 -0.159058 -0.500729
0.340894 -0.166454 -0.479132
0.337075 -0.156389 -0.447817
0.346364 -0.155454 -0.391370
0.300029 -0.165030 -0.000149
0.300680 -0.174363 0.005899
0.305442 -0.168398 0.073506
0.307318 -0.166285 0.103186
0.312176 -0.181413 0.183531
0.313852 -0.197857 0.229536
0.317045 -0.169540 0.295718
0.318043 -0.171734 0.322051
0.319811 -0.199961 0.399883
0.320497 -0.176491 0.402958
0.320878 -0.153491 0.473184
0.322662 -0.182589 0.501150
0.323659 -0.195097 0.580020
0.324652 -0.177915 0.637273
0.325195 -0.187277 0.685768
0.325740 -0.182183 0.740741
0.325874 -0.174677 0.772045
0.326350 -0.183677 0.814390
0.326038 -0.163246 0.875147
0.327188 -0.192576 0.940190
0.327441 -0.184038 0.964391
0.326525 -0.157227 1.032498
0.326155 -0.151455 1.075789
0.328555 -0.192586 1.139666
0.326867 -0.152612 1.196581
0.328772 -0.173209 1.240540
0.329147 -0.197546 1.266198
0.329535 -0.189003 1.333284
0.329624 -0.189665 1.363511
0.329236 -0.174216 1.425019
0.328645 -0.167470 1.479205
0.329483 -0.194998 1.523966
0.328540 -0.181003 1.589359
0.327938 -0.183701 1.630292
0.323419 -0.152503 1.678190
0.325411 -0.198383 1.726320
0.322848 -0.184150 1.765688
0.317738 -0.177327 1.824887
0.304436 -0.155817 1.898391
0.304254 -0.189736 1.940847
0.300566 -0.193760 1.965100
0.304610 -0.100704 -1.159002
0.306539 -0.103712 -1.120308
0.320344 -0.108106 -1.055302
0.303335 -0.111229 -1.005989
0.328601 -0.112966 -0.981297
0.330867 -0.119864 -0.944822
0.330540 -0.141088 -0.850648
0.319592 -0.122265 -0.839155
0.327061 -0.147710 -0.773875
0.300137 -0.122630 -0.733840
0.312055 -0.129181 -0.667904
0.321927 -0.148743 -0.602196
0.318449 -0.142143 -0.589685
0.307360 -0.122965 -0.546152
0.323078 -0.141211 -0.481839
0.331114 -0.144400 -0.430591
0.337012 -0.138733 -0.382004
0.301402 -0.107538 -0.319317
0.300895 -0.133738 0.048894
0.300412 -0.120185 0.074263
0.302705 -0.116684 0.122051
0.306987 -0.120000 0.189446
0.305126 -0.108728 0.200300
0.310866 -0.123900 0.260395
0.314422 -0.133420 0.314425
0.313729 -0.120945 0.364074
0.319557 -0.149345 0.428720
0.315475 -0.116179 0.490630
0.315029 -0.112694 0.511828
0.320845 -0.139064 0.575859
0.320106 -0.131148 0.618183
0.320860 -0.132052 0.679204
0.319259 -0.122264 0.707403
0.324175 -0.148998 0.795306
0.318574 -0.115704 0.826077
0.323262 -0.138512 0.876204
0.323387 -0.138138 0.908109
0.321517 -0.126236 0.953046
0.321577 -0.124849 1.018858
0.320798 -0.119611 1.098065
0.315995 -0.100609 1.146131
0.324265 -0.135260 1.179284
0.317576 -0.105556 1.201605
0.318971 -0.110237 1.263213
0.321110 -0.118548 1.307467
0.326143 -0.144272 1.376166
0.326576 -0.147587 1.421006
0.318350 -0.109502 1.457482
0.322674 -0.128812 1.509766
0.324490 -0.141034 1.557706
0.314551 -0.107342 1.629541
0.321002 -0.138998 1.676976
0.313141 -0.115157 1.714118
0.315013 -0.143413 1.790851
0.307319 -0.128953 1.829333
0.302989 -0.131109 1.867145
0.300306 -0.149032 1.912296
0.304917 -0.093430 -1.220150
0.309335 -0.097924 -1.188233
0.329741 -0.053283 -0.304118
0.325263 -0.076021 -0.299568
0.300390 -0.097278 0.162527
0.302760 -0.094510 0.228721
0.301614 -0.085538 0.267561
0.303189 -0.085794 0.311280
0.302078 -0.079063 0.350406
0.306378 -0.085464 0.448196
0.305318 -0.081441 0.464533
0.302561 -0.071141 0.534351
0.312468 -0.098733 0.592316
0.300812 -0.064464 0.634039
0.304845 -0.073446 0.696543
0.313478 -0.098551 0.720582
0.313216 -0.096344 0.789717
0.308742 -0.082071 0.842349
0.309034 -0.082755 0.853100
0.308645 -0.081016 0.913933
0.314429 -0.097309 0.993600
0.302329 -0.064120 1.047023
0.304241 -0.068411 1.070220
0.308670 -0.078969 1.145312
0.305720 -0.071439 1.158345
0.313636 -0.092617 1.202091
0.309213 -0.079976 1.264083
0.314611 -0.095530 1.349352
0.313401 -0.092064 1.371845
0.300097 -0.059736 1.411638
0.309289 -0.083153 1.489184
0.304796 -0.074686 1.548417
0.307654 -0.084147 1.587987
0.305646 -0.081887 1.621065
0.307785 -0.092129 1.666282
0.300011 -0.080585 1.717459
0.300576 -0.089080 1.758893
0.308696 -0.048395 -1.201817
0.341397 -0.045307 -1.152989
0.310907 -0.044448 -1.129557
0.311317 -0.042661 -1.079151
0.325778 -0.039983 -1.008875
0.326699 -0.025025 -0.955791
0.329678 -0.013083 -0.947259
0.318343 -0.025915 -0.887122
0.307794 -0.032649 -0.802445
0.310900 -0.011962 -0.761497
0.302319 -0.029859 -0.704776
0.300686 -0.028608 -0.650055
0.305291 -0.012385 -0.635175
0.304495 -0.013791 -0.589008
0.309435 -0.004482 -0.511569
0.314497 -0.002429 -0.452833
0.306379 -0.027303 -0.429378
0.331343 -0.005899 -0.350088
0.338343 -0.019092 -0.317594
0.348695 -0.037477 -0.297243
0.348967 0.000833 -1.032893
0.342202 0.003406 -0.979670
0.338438 0.010191 -0.926765
0.331755 0.005848 -0.893983
0.345149 0.037860 -0.823906
0.321388 0.012647 -0.762741
0.320083 0.015859 -0.717058
0.339222 0.047698 -0.668327
0.336351 0.046167 -0.633535
0.322210 0.027156 -0.585252
0.337752 0.048503 -0.536802
0.335704 0.042771 -0.486231
0.320616 0.004899 -0.424032
0.342406 0.028227 -0.375089
0.341741 0.010408 -0.340339
0.346759 0.050204 -0.737411
0.343047 0.050555 -0.692467
0.349546 0.061116 -0.611002
0.345298 0.057123 -0.565419
0.340256 0.050809 -0.527258
0.342101 0.051207 -0.497696
0.349830 0.052794 -0.436888
0.348581 0.644004 -2.800934
0.318182 0.642008 -2.770650
0.308141 0.639922 -2.728360
0.315329 0.637969 -2.651366
0.322201 0.637574 -2.600103
0.314070 0.637466 -2.596224
0.319083 0.637843 -2.530926
0.325137 0.639927 -2.466373
0.304927 0.642338 -2.420472
0.349488 0.653299 -2.852386
0.308725 0.661903 -2.837817
0.317063 0.669000 -2.760507
0.313431 0.669423 -2.743035
0.312872 0.670210 -2.655461
0.349380 0.670087 -2.611278
0.336181 0.670074 -2.590810
0.333292 0.669386 -2.507131
0.323842 0.669052 -2.487322
0.307773 0.665618 -2.418185
0.330194 0.657382 -2.395358
0.357335 -0.400118 -0.505824
0.384290 -0.400481 -0.469393
0.388778 -0.401986 -0.412913
0.373814 -0.403771 -0.366526
0.380680 -0.404038 -0.334140
0.361040 -0.406175 -0.268263
0.355893 -0.407227 -0.218803
0.384717 -0.405911 -0.194986
0.366847 -0.407672 -0.144024
0.379425 -0.407684 -0.079100
0.373132 -0.408538 -0.022174
0.369881 -0.408867 0.039370
0.354750 -0.409851 0.070760
0.396541 -0.406160 0.106190
0.388317 -0.403723 0.193355
0.393422 -0.402040 0.214427
0.352749 -0.400712 0.281047
0.374451 -0.388191 -0.605103
0.365181 -0.392607 -0.586188
0.375905 -0.396800 -0.545468
0.383519 -0.399308 -0.498571
0.396866 -0.399670 0.242624
0.372226 -0.396618 0.299473
0.374874 -0.389479 0.347960
0.376814 -0.380390 0.388600
0.374002 -0.358789 0.417759
0.391399 -0.342054 -0.616913
0.356496 -0.328719 -0.588105
0.393564 -0.318623 -0.519400
0.391710 -0.316597 -0.496329
0.398014 -0.313311 -0.429301
0.358964 -0.310301 -0.397800
0.380301 -0.310202 -0.321030
0.361577 -0.308642 -0.265771
0.398131 -0.310454 -0.200146
0.351216 -0.307877 -0.163551
0.365374 -0.309228 -0.121737
0.372749 -0.310118 -0.071947
0.378551 -0.311042 -0.024905
0.385691 -0.312849 0.049511
0.363835 -0.312794 0.079750
0.397334 -0.314834 0.105345
0.398990 -0.317600 0.169440
0.367356 -0.319591 0.213691
0.372173 -0.326762 0.290182
0.388108 -0.334560 0.343626
0.358575 -0.337116 0.360198
0.355667 -0.347592 0.400849
0.390096 -0.200313 -0.810120
0.387195 -0.202786 -0.772011
0.386790 -0.204393 -0.742407
0.397193 -0.212069 -0.679399
0.384745 -0.207338 -0.640351
0.381538 -0.204964 -0.561483
0.390187 -0.208142 -0.533001
0.392638 -0.206574 -0.491370
0.389673 -0.200514 -0.447307
0.396881 -0.150048 -1.152062
0.389056 -0.155186 -1.105083
0.383449 -0.154492 -1.089723
0.386628 -0.171968 -1.006127
0.394735 -0.183160 -0.961803
0.369986 -0.176478 -0.907130
0.359685 -0.169254 -0.898048
0.357734 -0.175127 -0.846944
0.366812 -0.191208 -0.766707
0.375715 -0.199084 -0.732241
0.361267 -0.192135 -0.677278
0.362980 -0.194258 -0.631174
0.352305 -0.184161 -0.551625
0.350572 -0.182228 -0.542672
0.380004 -0.196460 -0.456812
0.355549 -0.174703 -0.431618
0.378145 -0.178676 -0.367889
0.368033 -0.157061 -0.331320
0.390044 -0.151425 -0.299089
0.368450 -0.105017 -1.201036
0.359833 -0.110134 -1.154543
0.355858 -0.114796 -1.121255
0.370909 -0.147649 -1.072038
0.362811 -0.144729 -1.046348
0.350281 -0.146077 -0.970037
0.389268 -0.120525 -0.371339
0.379976 -0.107032 -0.343079
0.376572 -0.108162 -0.283292
0.383649 -0.096178 -1.218388
0.352670 -0.098093 -1.188092
0.368955 -0.079127 -0.367495
0.369964 -0.084779 -0.301712
0.366142 -0.067230 -0.294373
0.399990 -0.011916 -1.218717
0.372999 -0.001192 -1.163597
0.359267 -0.006600 -1.117705
0.354687 -0.003167 -1.081317
0.382971 -0.003724 -0.376220
0.368266 -0.041815 -0.337867
0.357407 -0.011805 -0.295845
0.399832 0.001997 -1.217381
0.380354 0.001638 -1.180322
0.366367 0.003909 -1.115885
0.394829 0.037335 -1.066607
0.387629 0.042853 -1.013542
0.366812 0.033496 -0.980335
0.352938 0.032106 -0.912602
0.357653 0.043405 -0.872936
0.355173 0.045230 -0.845997
0.350143 0.047624 -0.792019
0.353122 0.049027 -0.400591
0.351271 0.033933 -0.357383
0.364516 0.044413 -0.347282
0.379252 0.025564 -0.298826
0.399966 0.054441 -0.978336
0.388891 0.060706 -0.902928
0.377351 0.060687 -0.857936
0.386849 0.067682 -0.844405
0.394319 0.078312 -0.781372
0.354542 0.060400 -0.705619
0.368113 0.073922 -0.654008
0.382961 0.083041 -0.647219
0.352213 0.063762 -0.573892
0.370169 0.076472 -0.509853
0.377070 0.080450 -0.499004
0.396159 0.083718 -0.424297
0.385895 0.068278 -0.370733
0.380499 0.056282 -0.342862
0.367933 0.645363 -2.817688
0.350322 0.641279 -2.759698
0.385691 0.639594 -2.711440
0.355408 0.638561 -2.669816
0.387035 0.638494 -2.639637
0.379393 0.638546 -2.561754
0.372472 0.639634 -2.508182
0.397380 0.640859 -2.498888
0.357833 0.643074 -2.445067
0.399069 0.658522 -2.864775
0.396055 0.666798 -2.823476
0.369504 0.668481 -2.787374
0.353094 0.669552 -2.744526
0.396870 0.670069 -2.677182
0.392511 0.670035 -2.637709
0.354314 0.669831 -2.553166
0.357291 0.669459 -2.523144
0.375926 0.667311 -2.471503
0.350882 0.665369 -2.437297
0.442106 -0.731093 -0.162703
0.428282 -0.717737 -0.102210
0.448987 -0.717318 -0.056413
0.448608 -0.704452 -0.045788
0.437057 -0.661804 -0.205861
0.428299 -0.691322 -0.155140
0.440599 -0.682869 -0.107682
0.440599 -0.670796 -0.099927
0.439586 -0.660986 -0.030898
0.431251 -0.642999 -0.201474
0.439964 -0.620197 -0.199055
0.440599 -0.642522 -0.134581
0.428270 -0.611915 -0.088864
0.439880 -0.617435 -0.039219
0.435337 -0.579222 -0.161412
0.428472 -0.587534 -0.107613
0.435143 -0.577263 -0.079431
0.401698 -0.400001 -0.460065
0.409849 -0.400735 -0.421866
0.441602 -0.400359 -0.367802
0.406710 -0.403216 -0.302366
0.419039 -0.403142 -0.261705
0.435640 -0.402936 -0.206719
0.443577 -0.402998 -0.164482
0.430644 -0.404092 -0.131063
0.437511 -0.404097 -0.087970
0.445258 -0.403920 -0.040462
0.411453 -0.406028 0.026563
0.429930 -0.404506 0.063056
0.437300 -0.402464 0.133540
0.401291 -0.403790 0.169720
0.404747 -0.400184 0.226719
0.406236 -0.375444 -0.624997
0.429108 -0.393829 -0.552477
0.422572 -0.396300 -0.522516
0.427658 -0.398229 -0.475823
0.434804 -0.399541 -0.421310
0.442118 -0.399717 -0.398457
0.441584 -0.399447 0.191545
0.444982 -0.398221 0.206521
0.424209 -0.392089 0.292304
0.447347 -0.387576 0.308831
0.438516 -0.377044 0.368866
0.421290 -0.352593 0.401316
0.412261 -0.335095 -0.601670
0.428379 -0.330145 -0.585527
0.408061 -0.321316 -0.539852
0.445096 -0.315943 -0.469715
0.441347 -0.313656 -0.413603
0.442646 -0.312458 -0.361362
0.420912 -0.311425 -0.307351
0.408864 -0.311058 -0.295030
0.413741 -0.310890 -0.223424
0.435019 -0.311250 -0.175831
0.419404 -0.311290 -0.108143
0.414626 -0.311379 -0.085695
0.422956 -0.312288 -0.016279
0.439262 -0.312932 0.015734
0.404599 -0.314273 0.084921
0.418292 -0.315988 0.130568
0.429813 -0.317652 0.167279
0.437341 -0.320589 0.217409
0.447535 -0.325789 0.277329
0.445532 -0.332388 0.327383
0.400420 -0.344506 0.386172
0.443832 -0.200772 -0.906536
0.445963 -0.203774 -0.882846
0.409901 -0.206725 -0.817963
0.402301 -0.209041 -0.771021
0.425554 -0.217359 -0.721775
0.410503 -0.216528 -0.669023
0.440788 -0.221420 -0.647658
0.433697 -0.221006 -0.572743
0.447900 -0.220193 -0.525468
0.449046 -0.218648 -0.496850
0.439685 -0.210593 -0.419926
0.423399 -0.204427 -0.394547
0.428146 -0.156482 -1.170225
0.415355 -0.161653 -1.133240
0.405518 -0.171798 -1.058965
0.439513 -0.182329 -1.032047
0.408457 -0.187946 -0.964346
0.436522 -0.198294 -0.925313
0.400893 -0.198572 -0.867252
0.408750 -0.196556 -0.376715
0.418340 -0.177345 -0.311838
0.426622 -0.164639 -0.293401
0.406379 -0.138454 -1.210052
0.419399 -0.149159 -1.192741
0.409161 -0.137500 -0.350189
0.415144 -0.141107 -0.322759
0.419244 -0.146294 -0.285346
0.412535 -0.060482 -1.208085
0.418425 -0.099406 -0.376930
0.440721 -0.072294 -0.306647
0.449707 -0.050519 -0.291616
0.447940 -0.032328 -1.208662
0.441545 -0.034023 -0.377307
0.435929 -0.005828 -0.309321
0.408338 0.013073 -1.204673
0.434312 0.032221 -1.152025
0.413730 0.033875 -1.126843
0.410176 0.038974 -1.093060
0.413349 0.047815 -1.047350
0.409055 0.021514 -0.372425
0.428999 0.030579 -0.328203
0.413767 0.027300 -0.285839
0.445966 0.050041 -1.053225
0.431780 0.050647 -1.049356
0.440128 0.061807 -0.981707
0.432254 0.073182 -0.900380
0.421402 0.076927 -0.862277
0.429759 0.081182 -0.836410
0.446413 0.089930 -0.762502
0.437954 0.093529 -0.717959
0.420395 0.093253 -0.695735
0.413311 0.095326 -0.626881
0.415230 0.096777 -0.590870
0.428678 0.099863 -0.539667
0.432485 0.099045 -0.484684
0.424890 0.089843 -0.404850
0.423954 0.087779 -0.391529
0.449893 0.059020 -0.302413
0.440566 0.051630 -0.294047
0.440846 0.100109 -0.600380
0.445241 0.100436 -0.589062
0.442978 0.100610 -0.519079
0.440893 0.100010 -0.494379
0.425851 0.649145 -2.853253
0.412397 0.647882 -2.843868
0.402603 0.643138 -2.795564
0.421675 0.640807 -2.748068
0.402294 0.639313 -2.694263
0.414102 0.638743 -2.613951
0.406318 0.638738 -2.588122
0.410869 0.639386 -2.549994
0.410058 0.645027 -2.460371
0.420377 0.649768 -2.446407
0.448903 0.664609 -2.855539
0.425251 0.667226 -2.824384
0.405111 0.669600 -2.751314
0.421084 0.669808 -2.736734
0.431973 0.669995 -2.668090
0.436577 0.669896 -2.625896
0.437559 0.669317 -2.556207
0.406663 0.669312 -2.540382
0.426976 0.665508 -2.475883
0.434622 0.655644 -2.448177
0.484291 -0.705844 -0.186024
0.487812 -0.711366 -0.112301
0.486787 -0.727638 -0.098623
0.481499 -0.700080 -0.044107
0.470997 -0.683921 -0.201510
0.487549 -0.668429 -0.182294
0.487936 -0.686744 -0.131721
0.487936 -0.674083 -0.091870
0.487284 -0.659360 -0.048933
0.479514 -0.633046 -0.203151
0.487340 -0.640790 -0.185814
0.487936 -0.642062 -0.116174
0.487087 -0.613160 -0.059813
0.453665 -0.619787 -0.038117
0.469218 -0.587411 -0.174386
0.454581 -0.569211 -0.100523
0.487040 -0.585574 -0.097725
0.458192 -0.400058 -0.336087
0.472087 -0.400415 -0.255938
0.475884 -0.400803 -0.204007
0.492788 -0.400323 -0.164714
0.480374 -0.401241 -0.139702
0.483419 -0.401512 -0.084296
0.457875 -0.403177 -0.041055
0.497199 -0.400751 0.017861
0.495299 -0.400260 0.066788
0.461888 -0.400738 0.132687
0.450397 -0.400260 0.163972
0.454120 -0.357128 -0.627506
0.460884 -0.386628 -0.594129
0.488432 -0.393281 -0.521006
0.463580 -0.396423 -0.478298
0.459314 -0.398413 -0.418642
0.486040 -0.397679 -0.391963
0.493349 -0.398607 -0.312344
0.498761 -0.398554 -0.295061
0.493201 -0.399859 -0.206251
0.493387 -0.399953 -0.196561
0.495035 -0.399746 0.091790
0.479144 -0.399594 0.131056
0.459329 -0.399932 0.156738
0.483078 -0.393908 0.222663
0.464993 -0.391676 0.262561
0.462398 -0.382529 0.330067
0.496428 -0.372871 0.355029
0.498971 -0.338901 -0.608209
0.461559 -0.323674 -0.552536
0.471322 -0.321147 -0.533733
0.490908 -0.315593 -0.461996
0.472481 -0.313778 -0.412929
0.476331 -0.313124 -0.388103
0.481666 -0.311858 -0.306954
0.480881 -0.311769 -0.296263
0.463720 -0.311483 -0.245426
0.482780 -0.311385 -0.166550
0.475442 -0.311505 -0.123767
0.457856 -0.311877 -0.067149
0.484941 -0.312527 -0.001566
0.476094 -0.313475 0.047177
0.459586 -0.314507 0.085363
0.465347 -0.316725 0.149371
0.490681 -0.319097 0.198253
0.488237 -0.322416 0.242846
0.489124 -0.323694 0.256792
0.459251 -0.330380 0.313569
0.494304 -0.342320 0.364962
0.453423 -0.200946 -0.900923
0.467352 -0.202305 -0.873983
0.486589 -0.201897 -0.830309
0.476627 -0.212356 -0.758248
0.494628 -0.207775 -0.736860
0.487691 -0.214126 -0.672193
0.497520 -0.212012 -0.621141
0.456363 -0.221083 -0.558712
0.469372 -0.217671 -0.510883
0.478896 -0.213676 -0.476943
0.473334 -0.208867 -0.421545
0.468714 -0.205913 -0.396222
0.456510 -0.158555 -1.151911
0.462048 -0.166523 -1.105291
0.489582 -0.163371 -1.060241
0.468685 -0.182281 -1.007062
0.482522 -0.185334 -0.958947
0.495698 -0.180568 -0.949858
0.483618 -0.196042 -0.884628
0.496550 -0.195896 -0.845307
0.496919 -0.199869 -0.407171
0.485562 -0.198026 -0.375757
0.455744 -0.150192 -0.317340
0.468057 -0.159631 -0.284771
0.468873 -0.131827 -1.219235
0.493755 -0.131692 -1.176393
0.488395 -0.147090 -1.137981
0.498093 -0.149121 -1.097795
0.474916 -0.145991 -0.368096
0.465476 -0.100554 -0.311638
0.493518 -0.142757 -0.285401
0.465129 -0.070426 -1.208942
0.480914 -0.073739 -0.377948
0.456798 -0.083426 -0.306786
0.458771 -0.052830 -0.294088
0.487811 -0.014465 -1.220973
0.499731 -0.000176 -1.167358
0.484327 -0.049700 -0.378004
0.464519 -0.046471 -0.306583
0.458558 -0.048582 -0.299151
0.465185 0.015060 -1.200053
0.456529 0.021464 -1.187885
0.480519 0.027040 -1.122725
0.457718 0.046395 -1.065340
0.487102 0.040441 -1.039381
0.492036 0.046329 -0.993911
0.469165 0.031501 -0.369653
0.474737 0.004718 -0.307318
0.467307 0.047541 -0.289612
0.451008 0.056815 -1.010333
0.484684 0.053804 -0.972393
0.455467 0.072341 -0.903264
0.464910 0.074884 -0.874354
0.487443 0.076446 -0.812630
0.450621 0.088035 -0.780269
0.471115 0.089210 -0.738251
0.498826 0.085364 -0.679877
0.457608 0.099663 -0.604091
0.480298 0.097037 -0.551622
0.473953 0.098576 -0.546772
0.459552 0.098874 -0.476556
0.499221 0.083985 -0.418474
0.473288 0.080614 -0.356164
0.465681 0.078366 -0.343863
0.454306 0.050869 -0.292264
0.451432 0.100750 -0.567574
0.455030 0.100325 -0.509402
0.451492 0.100042 -0.491404
0.474125 0.648393 -2.857477
0.475283 0.643515 -2.807474
0.487412 0.641484 -2.763714
0.491449 0.640560 -2.729063
0.491542 0.639981 -2.692405
0.481274 0.639635 -2.631195
0.472361 0.640721 -2.557126
0.466809 0.641473 -2.535388
0.450319 0.646811 -2.472931
0.491169 0.666055 -2.853571
0.462008 0.668697 -2.802196
0.487439 0.669018 -2.796911
0.455059 0.669788 -2.742384
0.492099 0.669828 -2.656996
0.459443 0.669848 -2.631448
0.485773 0.669515 -2.595763
0.467912 0.667495 -2.518875
0.490250 0.656050 -2.477442
0.549195 -0.709273 -0.154727
0.525690 -0.712913 -0.106239
0.548929 -0.704150 -0.087546
0.548927 -0.690699 -0.164733
0.548742 -0.690786 -0.132565
0.549031 -0.661036 -0.056362
0.549552 -0.666802 -0.047974
0.548939 -0.620494 -0.168588
0.511985 -0.612323 -0.126663
0.548798 -0.616263 -0.082205
0.549937 -0.630161 -0.046599
0.549531 -0.598208 -0.164121
0.508606 -0.595570 -0.121334
0.549912 -0.582411 -0.093316
0.538302 -0.516770 -0.131775
0.524118 -0.527669 -0.097651
0.532576 -0.465324 -0.100407
0.517196 -0.452203 -0.097919
0.532642 -0.405348 -0.136588
0.507700 -0.400213 -0.074947
0.503568 -0.400515 -0.009008
0.500492 -0.400463 0.027927
0.547658 -0.378992 -0.604640
0.543527 -0.384985 -0.580232
0.549615 -0.391045 -0.506910
0.535967 -0.393675 -0.454949
0.531109 -0.394242 -0.443325
0.537510 -0.395537 -0.367444
0.521114 -0.397336 -0.300444
0.543727 -0.396632 -0.260641
0.544192 -0.396736 -0.248529
0.509679 -0.399129 -0.192968
0.540930 -0.354536 -0.123767
0.515223 -0.399665 -0.099400
0.526932 -0.399200 -0.018491
0.515504 -0.399693 0.015435
0.508378 -0.398747 0.097720
0.510447 -0.397500 0.130408
0.540817 -0.392368 0.184988
0.521313 -0.388827 0.243253
0.518617 -0.384702 0.279798
0.548413 -0.374016 0.323987
0.538273 -0.351746 0.370424
0.543593 -0.338555 -0.607525
0.549182 -0.325229 -0.565625
0.535728 -0.319101 -0.519425
0.502695 -0.315052 -0.451689
0.510466 -0.313453 -0.407930
0.531865 -0.312574 -0.380581
0.513914 -0.311633 -0.302348
0.529712 -0.311403 -0.294886
0.522115 -0.311117 -0.219074
0.545332 -0.310784 -0.186236
0.521187 -0.311133 -0.132942
0.502005 -0.311509 -0.089582
0.549491 -0.311587 -0.015221
0.539329 -0.312292 0.021537
0.503596 -0.314260 0.088808
0.524215 -0.315322 0.128115
0.511191 -0.317366 0.170933
0.516866 -0.322285 0.242252
0.538206 -0.328682 0.296842
0.540725 -0.334777 0.329778
0.505665 -0.339788 0.354909
0.504222 -0.200660 -0.772917
0.502560 -0.205595 -0.718089
0.503780 -0.207319 -0.681255
0.519184 -0.200506 -0.634546
0.512910 -0.204520 -0.550034
0.511378 -0.205349 -0.548305
0.513626 -0.200770 -0.481365
0.501053 -0.203716 -0.449302
0.503606 -0.154648 -1.053959
0.505481 -0.158840 -1.028390
0.513706 -0.159021 -0.994330
0.535906 -0.153708 -0.909945
0.520025 -0.176316 -0.876100
0.549258 -0.152088 -0.834686
0.530743 -0.184682 -0.750753
0.537306 -0.182700 -0.710724
0.539137 -0.182226 -0.697966
0.535031 -0.188658 -0.644156
0.542207 -0.183726 -0.576820
0.539151 -0.185733 -0.532044
0.542262 -0.178991 -0.470120
0.514999 -0.194378 -0.428228
0.547029 -0.151360 -0.355657
0.505612 -0.167824 -0.313171
0.511936 -0.150636 -0.299276
0.500734 -0.108180 -1.207260
0.514738 -0.111709 -1.152496
0.520929 -0.103465 -1.141996
0.524683 -0.129965 -1.056781
0.526404 -0.134669 -1.033452
0.547407 -0.123028 -0.954932
0.539582 -0.147466 -0.916171
0.547861 -0.145451 -0.874484
0.549787 -0.148981 -0.846727
0.519517 -0.111675 -0.362914
0.545246 -0.149036 -0.344533
0.523194 -0.131094 -0.290014
0.510309 -0.062693 -1.212872
0.516750 -0.078967 -1.189037
0.528149 -0.098887 -1.114633
0.543783 -0.050231 -1.052741
0.548959 -0.063621 -1.027145
0.549236 -0.099879 -0.995530
0.527043 -0.076910 -0.378700
0.535247 -0.074021 -0.317427
0.538658 -0.091289 -0.283780
0.507047 -0.027072 -1.200629
0.516337 -0.024957 -1.162244
0.509927 -0.006735 -1.147836
0.522237 -0.002000 -1.079764
0.544152 -0.035481 -1.036092
0.549590 -0.023017 -0.983196
0.548381 -0.002329 -0.941358
0.521542 -0.019315 -0.378610
0.526493 -0.015686 -0.332410
0.548819 -0.038291 -0.291312
0.503639 0.000580 -1.150973
0.509374 0.006520 -1.109005
0.516589 0.012685 -1.056025
0.521383 0.013692 -1.030674
0.510301 0.035829 -0.983538
0.530380 0.024038 -0.946703
0.539828 0.033164 -0.854309
0.546386 0.034911 -0.802078
0.535759 0.048933 -0.788842
0.545817 0.044777 -0.744736
0.548783 0.048629 -0.690028
0.549714 0.047458 -0.416621
0.545041 0.040328 -0.363215
0.512804 0.005964 -0.317007
0.503692 0.017899 -0.290469
0.501419 0.053070 -0.925797
0.506280 0.060940 -0.860127
0.504888 0.068329 -0.812979
0.506877 0.073964 -0.760239
0.540079 0.054347 -0.716480
0.528435 0.066994 -0.693691
0.528541 0.072895 -0.609666
0.547160 0.057731 -0.584929
0.510508 0.085188 -0.506875
0.511528 0.084274 -0.485070
0.510336 0.080772 -0.432443
0.503689 0.078009 -0.390672
0.500855 0.066078 -0.337803
0.549045 0.649713 -2.877880
0.542863 0.644377 -2.826705
0.506806 0.642274 -2.784220
0.523474 0.641074 -2.744402
0.533118 0.640283 -2.666648
0.525859 0.640668 -2.607909
0.538212 0.641718 -2.582167
0.504456 0.645663 -2.509968
0.500551 0.649203 -2.491335
0.500483 0.665803 -2.858179
0.533260 0.667960 -2.836313
0.533352 0.669457 -2.783826
0.504505 0.669826 -2.738476
0.503808 0.669835 -2.673354
0.505792 0.669575 -2.613203
0.542976 0.668113 -2.566640
0.515980 0.664586 -2.513218
0.500267 0.660621 -2.489064
0.579266 -0.701518 -0.192001
0.552113 -0.735790 -0.102611
0.575895 -0.711485 -0.052624
0.564142 -0.701104 -0.044760
0.566603 -0.684070 -0.200823
0.585819 -0.698347 -0.193986
0.596079 -0.651536 -0.139532
0.596079 -0.651596 -0.096437
0.593548 -0.659912 -0.030915
0.584093 -0.627148 -0.202335
0.561488 -0.618155 -0.198971
0.596079 -0.629378 -0.116592
0.550767 -0.602647 -0.056518
0.578932 -0.623310 -0.035994
0.550742 -0.584421 -0.159081
0.563421 -0.566329 -0.106975
0.563424 -0.568741 -0.095094
0.565420 -0.369545 -0.617357
0.587297 -0.385598 -0.558390
0.573012 -0.387646 -0.543337
0.591904 -0.389801 -0.486870
0.578251 -0.392249 -0.429102
0.599437 -0.391947 -0.392897
0.597256 -0.392915 -0.339726
0.570082 -0.395054 -0.279928
0.598873 -0.394140 -0.224324
0.557815 -0.396945 -0.155940
0.558164 -0.397264 -0.112222
0.563426 -0.397155 -0.077611
0.597852 -0.395266 -0.025758
0.551245 -0.397667 0.009962
0.552177 -0.396494 0.078631
0.590401 -0.391625 0.141148
0.585343 -0.387855 0.199987
0.587252 -0.384970 0.228175
0.599443 -0.376810 0.280902
0.592072 -0.370012 0.318608
0.575954 -0.361449 0.350871
0.568229 -0.337653 -0.606115
0.555439 -0.325334 -0.566616
0.581793 -0.319501 -0.530683
0.555967 -0.316217 -0.486794
0.555573 -0.313942 -0.440231
0.574472 -0.311900 -0.378808
0.584310 -0.310649 -0.302440
0.589471 -0.310251 -0.257968
0.557716 -0.310691 -0.235604
0.552817 -0.310668 -0.188353
0.550597 -0.310841 -0.103431
0.557407 -0.310750 -0.099893
0.571241 -0.311437 -0.001051
0.556081 -0.311928 0.015270
0.586936 -0.312399 0.062466
0.583025 -0.315178 0.142380
0.586103 -0.317811 0.190227
0.572620 -0.319507 0.212088
0.573530 -0.328396 0.291795
0.589232 -0.336170 0.327269
0.556704 -0.349790 0.363865
0.550472 -0.156325 -0.803315
0.550386 -0.162848 -0.765650
0.554988 -0.164635 -0.701155
0.559560 -0.162285 -0.653239
0.558421 -0.164932 -0.634900
0.569472 -0.150638 -0.590845
0.556490 -0.168957 -0.546848
0.555837 -0.162357 -0.450673
0.555758 -0.160527 -0.435006
0.552302 -0.155480 -0.390067
0.554316 -0.102861 -0.958912
0.557533 -0.113832 -0.914484
0.552328 -0.142133 -0.859770
0.569706 -0.109839 -0.835679
0.565107 -0.141753 -0.757680
0.569334 -0.140311 -0.716998
0.574652 -0.136672 -0.664372
0.588138 -0.107661 -0.600801
0.585081 -0.119105 -0.551667
0.586083 -0.115966 -0.540861
0.580749 -0.119493 -0.450191
0.563889 -0.149955 -0.438219
0.570961 -0.121157 -0.379903
0.551186 -0.137927 -0.337317
0.552787 -0.072036 -1.002100
0.551181 -0.096083 -0.989464
0.564650 -0.080393 -0.919347
0.567653 -0.096511 -0.878710
0.579333 -0.052215 -0.808404
0.578955 -0.088043 -0.798823
0.587619 -0.069310 -0.724714
0.591908 -0.068350 -0.659805
0.590797 -0.087931 -0.644064
0.593979 -0.075825 -0.594360
0.594329 -0.069653 -0.500378
0.591410 -0.088167 -0.478575
0.591568 -0.052886 -0.442774
0.582929 -0.063687 -0.373568
0.573616 -0.071449 -0.334671
0.551141 -0.072761 -0.293798
0.552084 -0.046021 -1.000275
0.555476 -0.047488 -0.979775
0.553666 -0.016143 -0.944421
0.565593 -0.012391 -0.855232
0.572909 -0.018476 -0.811644
0.577558 -0.023754 -0.784915
0.585679 -0.049427 -0.743252
0.582479 -0.006741 -0.668787
0.590744 -0.027908 -0.621672
0.591579 -0.027936 -0.591144
0.587758 -0.010520 -0.508824
0.593845 -0.044330 -0.489417
0.589104 -0.038850 -0.427082
0.568403 -0.002394 -0.353385
0.575393 -0.047556 -0.339998
0.552078 -0.028346 -0.299533
0.551976 0.003218 -0.900784
0.557444 0.006463 -0.855240
0.560663 0.006868 -0.829403
0.565414 0.016248 -0.750964
0.570247 0.014085 -0.713155
0.570965 0.017040 -0.688862
0.566150 0.033817 -0.602272
0.574210 0.021540 -0.580670
0.580176 0.010244 -0.512066
0.580797 0.006569 -0.477419
0.569240 0.025567 -0.447452
0.557561 0.029310 -0.380529
0.556369 0.003792 -0.324246
0.551667 0.050609 -0.630060
0.552805 0.051461 -0.592134
0.555236 0.050162 -0.532578
0.550331 0.052598 -0.462300
0.580018 0.645804 -2.850466
0.575447 0.644066 -2.823848
0.565253 0.642545 -2.789868
0.571689 0.640960 -2.714713
0.586860 0.641125 -2.655464
0.591645 0.641637 -2.629628
0.569780 0.644585 -2.557180
0.563142 0.645781 -2.542920
0.595678 0.654409 -2.903086
0.556018 0.666560 -2.863151
0.577034 0.668845 -2.822461
0.567062 0.669735 -2.753023
0.571453 0.669761 -2.723660
0.584416 0.669685 -2.697622
0.580912 0.669317 -2.630929
0.582620 0.667938 -2.582070
0.550636 0.654628 -2.509209
0.607741 -0.703677 -0.173029
0.608084 -0.723359 -0.108938
0.606584 -0.725806 -0.082835
0.603096 -0.656402 -0.204901
0.608130 -0.690752 -0.177571
0.608140 -0.699033 -0.129377
0.608382 -0.654423 -0.053347
0.600338 -0.664808 -0.031771
0.604169 -0.637051 -0.202569
0.605839 -0.638273 -0.150203
0.606162 -0.619362 -0.107473
0.604007 -0.644351 -0.086375
0.602058 -0.603923 -0.046981
0.603081 -0.583756 -0.169732
0.607872 -0.581937 -0.104584
0.607381 -0.589086 -0.076547
0.607976 -0.368549 -0.615176
0.615952 -0.384303 -0.556972
0.643704 -0.384742 -0.535126
0.632930 -0.387427 -0.494769
0.603231 -0.390722 -0.440063
0.621651 -0.390854 -0.390593
0.645460 -0.390533 -0.331973
0.627267 -0.392135 -0.275936
0.607445 -0.393782 -0.215423
0.640966 -0.392236 -0.194102
0.643778 -0.392668 -0.119976
0.645710 -0.392733 -0.071482
0.606433 -0.394794 -0.025543
0.613423 -0.393788 0.034465
0.628966 -0.392170 0.066468
0.607444 -0.390504 0.140539
0.623499 -0.386427 0.182963
0.640180 -0.378862 0.241830
0.614848 -0.378517 0.260667
0.636497 -0.359088 0.331091
0.600063 -0.353271 0.351164
0.642967 -0.336509 -0.605636
0.618788 -0.323838 -0.565122
0.600922 -0.320224 -0.539894
0.617698 -0.313250 -0.452384
0.649795 -0.311835 -0.434524
0.618943 -0.310671 -0.359109
0.635229 -0.309875 -0.326400
0.621438 -0.309642 -0.261606
0.623047 -0.309469 -0.226463
0.624450 -0.309384 -0.197443
0.619577 -0.309526 -0.125667
0.636154 -0.309291 -0.098691
0.626045 -0.310225 -0.015969
0.643604 -0.310764 0.035274
0.636525 -0.311676 0.067694
0.616266 -0.314149 0.129651
0.600930 -0.316229 0.167275
0.630329 -0.320862 0.229367
0.623606 -0.328600 0.287624
0.617369 -0.332523 0.308037
0.628781 0.646199 -2.860952
0.623693 0.644144 -2.827713
0.622090 0.641961 -2.758331
0.630990 0.641567 -2.709166
0.608819 0.641464 -2.658957
0.615335 0.642241 -2.628798
0.612782 0.646726 -2.564610
0.601341 0.648296 -2.549781
0.620914 0.654800 -2.908788
0.632649 0.666498 -2.881332
0.631878 0.669184 -2.818654
0.618404 0.669652 -2.767391
0.615540 0.669676 -2.731087
0.625170 0.669571 -2.695716
0.608788 0.669313 -2.645828
0.622609 0.666075 -2.576879
0.620578 0.653814 -2.546745
0.684735 -0.360986 -0.615993
0.653532 -0.375311 -0.598318
0.674838 -0.382017 -0.549772
0.654930 -0.387293 -0.467768
0.677479 -0.386913 -0.440954
0.652959 -0.389399 -0.382235
0.680989 -0.388897 -0.314838
0.690585 -0.388899 -0.268997
0.685955 -0.389355 -0.247913
0.680557 -0.390265 -0.182140
0.669797 -0.391153 -0.142093
0.653371 -0.392298 -0.083516
0.679985 -0.390779 -0.033472
0.652508 -0.391737 0.022051
0.658703 -0.390239 0.071244
0.689106 -0.385827 0.126553
0.674561 -0.381662 0.192954
0.686906 -0.376721 0.227153
0.654706 -0.371044 0.281465
0.650714 -0.359764 0.323829
0.667562 -0.340835 -0.612246
0.669031 -0.326517 -0.581800
0.655690 -0.316375 -0.516457
0.675670 -0.312779 -0.471693
0.677983 -0.310170 -0.400654
0.661075 -0.310374 -0.392483
0.695223 -0.308761 -0.347325
0.687383 -0.308281 -0.278593
0.667321 -0.308508 -0.222138
0.650550 -0.308816 -0.184168
0.687950 -0.308020 -0.140540
0.690637 -0.308141 -0.094853
0.659349 -0.309407 -0.027487
0.674794 -0.309879 0.021298
0.662034 -0.311100 0.063198
0.661387 -0.313352 0.125874
0.678974 -0.315516 0.168175
0.696912 -0.321765 0.235266
0.661292 -0.324524 0.258268
0.668964 -0.349997 0.329100
0.669496 0.649983 -2.900393
0.679225 0.645728 -2.859462
0.677123 0.644217 -2.830307
0.656509 0.642940 -2.794150
0.669265 0.642184 -2.745205
0.691824 0.642518 -2.694506
0.665294 0.645012 -2.610674
0.697154 0.649327 -2.598139
0.652153 0.655226 -2.915738
0.669384 0.668120 -2.864114
0.676678 0.669314 -2.817926
0.652930 0.669549 -2.788179
0.686675 0.669530 -2.743315
0.684971 0.669376 -2.697714
0.684491 0.667309 -2.620722
0.666859 0.660510 -2.574139
0.737522 -0.368594 -0.604532
0.737314 -0.371184 -0.597863
0.748709 -0.381085 -0.505023
0.703020 -0.384961 -0.463775
0.725393 -0.384862 -0.422501
0.746676 -0.384862 -0.358810
0.702234 -0.387865 -0.307761
0.725064 -0.386750 -0.299941
0.734261 -0.387079 -0.218876
0.718474 -0.388098 -0.199912
0.714147 -0.388956 -0.109869
0.740177 -0.387530 -0.050524
0.729437 -0.387672 -0.000380
0.736725 -0.386701 0.029661
0.724380 -0.385663 0.085006
0.711639 -0.384661 0.120604
0.702564 -0.382071 0.165258
0.729209 -0.370062 0.245427
0.722778 -0.367286 0.263731
0.736413 -0.353551 0.301645
0.722693 -0.337011 -0.608780
0.728046 -0.322097 -0.570280
0.734488 -0.315490 -0.528502
0.729743 -0.310966 -0.463168
0.713168 -0.309954 -0.424626
0.735647 -0.308565 -0.392691
0.737498 -0.307340 -0.310935
0.700895 -0.307918 -0.269440
0.727453 -0.307108 -0.211718
0.708767 -0.307512 -0.187458
0.704032 -0.307689 -0.129436
0.730167 -0.307513 -0.063261
0.744351 -0.307986 -0.005661
0.746069 -0.308409 0.017912
0.747187 -0.310228 0.081788
0.721774 -0.311378 0.101086
0.721539 -0.314984 0.165481
0.727357 -0.318775 0.208508
0.741636 -0.333733 0.288591
0.722670 -0.337340 0.301941
0.741041 0.649572 -2.909502
0.701999 0.648191 -2.892002
0.730358 0.643701 -2.810726
0.721299 0.643012 -2.777644
0.724819 0.642903 -2.711753
0.703141 0.643182 -2.672929
0.732258 0.648380 -2.622100
0.736454 0.661794 -2.931133
0.747102 0.668919 -2.855543
0.713937 0.669411 -2.812869
0.710054 0.669514 -2.788079
0.720691 0.669226 -2.700238
0.716562 0.669108 -2.687615
0.700104 0.667401 -2.629492
0.708142 0.657640 -2.592029
0.753033 -0.364772 -0.609565
0.765438 -0.377408 -0.550636
0.751316 -0.380907 -0.506033
0.782123 -0.381063 -0.456392
0.760664 -0.382775 -0.433133
0.799394 -0.381796 -0.376233
0.753210 -0.384646 -0.349606
0.775055 -0.384493 -0.259811
0.795728 -0.383923 -0.202526
0.798049 -0.384126 -0.161374
0.795282 -0.384476 -0.124410
0.782913 -0.385179 -0.062397
0.777366 -0.385343 -0.036844
0.777561 -0.383981 0.039567
0.756157 -0.384438 0.065445
0.784959 -0.380701 0.103534
0.767842 -0.373489 0.198137
0.797874 -0.369069 0.210987
0.762338 -0.362612 0.264602
0.752848 -0.350060 0.300079
0.763616 -0.332319 -0.603309
0.770161 -0.325507 -0.587803
0.761841 -0.312678 -0.506158
0.786647 -0.310403 -0.481507
0.760773 -0.308462 -0.414602
0.780380 -0.306840 -0.357097
0.768263 -0.306540 -0.302993
0.779175 -0.306039 -0.259362
0.765756 -0.306215 -0.206905
0.789032 -0.305676 -0.195584
0.799308 -0.305557 -0.130472
0.761023 -0.306765 -0.072299
0.769906 -0.306807 -0.049988
0.780737 -0.307672 0.014428
0.765508 -0.310504 0.095503
0.782827 -0.311226 0.114930
0.759027 -0.316534 0.186144
0.761348 -0.323458 0.241146
0.769808 -0.341536 0.295584
0.755018 -0.348895 0.300407
0.773291 0.648258 -2.902596
0.779507 0.647803 -2.898341
0.795572 0.644879 -2.843415
0.791826 0.643655 -2.765457
0.760843 0.643266 -2.739381
0.770023 0.644462 -2.689414
0.756406 0.646626 -2.648579
0.788535 0.667369 -2.905408
0.779670 0.668743 -2.869659
0.754234 0.669383 -2.817917
0.760863 0.669380 -2.760735
0.795999 0.668960 -2.720226
0.758611 0.668683 -2.686650
0.789782 0.663799 -2.646462
0.800315 -0.351102 -0.616934
0.830808 -0.373971 -0.552834
0.840249 -0.374540 -0.539609
0.839915 -0.377537 -0.473603
0.807710 -0.380448 -0.426254
0.810152 -0.381090 -0.384487
0.814589 -0.381716 -0.320539
0.817751 -0.381903 -0.287668
0.821147 -0.382363 -0.221792
0.813864 -0.382994 -0.195703
0.844485 -0.381778 -0.110802
0.803316 -0.384092 -0.091764
0.842419 -0.381507 -0.030072
0.825961 -0.381972 0.001076
0.841857 -0.378788 0.067859
0.821570 -0.377710 0.110256
0.845725 -0.371701 0.158106
0.805383 -0.368498 0.210160
0.804135 -0.358357 0.260807
0.819293 -0.337555 -0.612932
0.841369 -0.316434 -0.558603
0.826071 -0.312948 -0.528962
0.827148 -0.307930 -0.450048
0.812915 -0.307630 -0.430555
0.835033 -0.305928 -0.380926
0.832411 -0.305179 -0.317249
0.829231 -0.304977 -0.275606
0.821638 -0.304969 -0.215422
0.801370 -0.305396 -0.182742
0.810112 -0.305341 -0.126344
0.805971 -0.305759 -0.077782
0.841933 -0.306053 -0.008766
0.835018 -0.306829 0.020074
0.839244 -0.309446 0.093317
0.834594 -0.311660 0.129871
0.800078 -0.313625 0.153760
0.810701 -0.321662 0.224425
0.842994 -0.345355 0.272657
0.806661 0.648761 -2.912047
0.805920 0.645470 -2.859511
0.820413 0.644836 -2.837393
0.818863 0.644053 -2.765579
0.819364 0.644555 -2.729722
0.811100 0.648936 -2.664214
0.838641 0.655363 -2.951275
0.845639 0.664791 -2.941051
0.811572 0.668715 -2.876344
0.840910 0.669204 -2.821103
0.819795 0.669162 -2.759762
0.827637 0.668944 -2.740969
0.846306 0.656024 -2.671526
0.805842 0.661741 -2.648954
0.871098 -0.361534 -0.607173
0.892947 -0.367307 -0.583650
0.893629 -0.373058 -0.518149
0.893266 -0.375147 -0.459089
0.898828 -0.375844 -0.413524
0.868936 -0.377818 -0.391924
0.897392 -0.377125 -0.328958
0.875451 -0.378659 -0.297782
0.872864 -0.379601 -0.214737
0.885561 -0.379047 -0.197577
0.885575 -0.379441 -0.126455
0.879961 -0.379777 -0.095613
0.856301 -0.380675 -0.029134
0.883452 -0.376987 0.047412
0.882428 -0.376110 0.067217
0.893241 -0.371574 0.121309
0.898284 -0.361921 0.196178
0.871650 -0.359325 0.224180
0.868570 -0.351726 0.252572
0.851569 -0.328182 -0.601548
0.862881 -0.316015 -0.560123
0.889702 -0.309935 -0.515724
0.862142 -0.307742 -0.467178
0.898940 -0.305723 -0.437012
0.875141 -0.304578 -0.352731
0.854330 -0.304603 -0.306528
0.896050 -0.303466 -0.263280
0.895265 -0.303421 -0.241487
0.888015 -0.303593 -0.154681
0.876493 -0.304031 -0.113707
0.859566 -0.304956 -0.054559
0.888246 -0.305303 -0.005683
0.883220 -0.306549 0.036635
0.868318 -0.307838 0.066040
0.887865 -0.312104 0.139060
0.852857 -0.316803 0.185976
0.884778 -0.329319 0.245153
0.889616 -0.332250 0.251124
0.868203 0.649273 -2.919278
0.873686 0.646493 -2.869919
0.875269 0.645908 -2.849760
0.885001 0.646725 -2.769855
0.861813 0.647322 -2.717721
0.859475 0.649662 -2.697208
0.871462 0.657860 -2.956259
0.893094 0.655186 -2.942608
0.889758 0.668138 -2.859610
0.861778 0.669016 -2.810142
0.897280 0.650355 -2.793660
0.878507 0.667283 -2.748372
0.858584 0.652308 -2.687374
0.930684 -0.350358 -0.617194
0.915649 -0.365556 -0.587801
0.943150 -0.368860 -0.547509
0.947036 -0.371658 -0.482605
0.948397 -0.373405 -0.400710
0.904518 -0.376145 -0.375860
0.934807 -0.375357 -0.303618
0.923260 -0.376131 -0.289233
0.915396 -0.377344 -0.204837
0.914683 -0.377463 -0.194626
0.903119 -0.378468 -0.100286
0.925468 -0.376911 -0.055162
0.916626 -0.376804 -0.014314
0.938478 -0.374924 0.006812
0.922558 -0.374264 0.050235
0.938352 -0.365556 0.145094
0.919599 -0.361373 0.187107
0.941805 -0.354378 0.210857
0.937164 -0.333305 -0.614984
0.902244 -0.323172 -0.594663
0.916295 -0.308499 -0.506443
0.941768 -0.305299 -0.455956
0.932212 -0.304246 -0.411000
0.919513 -0.303733 -0.364677
0.924946 -0.303384 -0.345861
0.904133 -0.303298 -0.264629
0.927292 -0.302725 -0.230938
0.926663 -0.302726 -0.190356
0.939991 -0.302657 -0.130964
0.907423 -0.303772 -0.075424
0.938086 -0.304217 -0.016479
0.942646 -0.305198 0.022109
0.915831 -0.307421 0.069728
0.940736 -0.309973 0.114671
0.922267 -0.317130 0.183084
0.945958 -0.348765 0.228034
0.902413 -0.344186 0.253077
0.900147 0.648976 -2.870163
0.902623 0.655787 -2.910861
0.903711 0.664200 -2.872824
0.903896 0.659252 -2.847854
0.962560 -0.359278 -0.605013
0.974885 -0.364997 -0.573440
0.995423 -0.368085 -0.513118
0.983263 -0.369572 -0.489177
0.963266 -0.371895 -0.439834
0.974908 -0.372103 -0.392803
0.963547 -0.373375 -0.342178
0.956440 -0.374643 -0.254918
0.990164 -0.373032 -0.228493
0.978538 -0.374152 -0.153568
0.990143 -0.373526 -0.143613
0.976700 -0.374025 -0.066578
0.985543 -0.373206 -0.044049
0.968066 -0.372135 0.031196
0.980208 -0.367891 0.087244
0.998186 -0.362610 0.127678
0.958629 -0.357756 0.185879
0.974606 -0.351154 0.207922
0.977471 -0.323655 -0.603845
0.993963 -0.320603 -0.598391
0.998705 -0.308129 -0.531087
0.978248 -0.305505 -0.483202
0.971012 -0.303383 -0.413080
0.980333 -0.302328 -0.361582
0.994697 -0.301654 -0.323175
0.961400 -0.302061 -0.257054
0.978912 -0.301635 -0.208227
0.954930 -0.302218 -0.159765
0.983275 -0.302057 -0.101443
0.972560 -0.302927 -0.051520
0.997463 -0.302646 -0.043485
0.999762 -0.304195 0.016767
0.974767 -0.307267 0.077733
0.971723 -0.310365 0.120556
0.971161 -0.317753 0.181762
0.965636 -0.339927 0.235085
1.026719 -0.357582 -0.603104
1.026750 -0.359341 -0.595773
1.024408 -0.365452 -0.538202
1.028207 -0.368240 -0.450590
1.015825 -0.369546 -0.416170
1.040247 -0.368649 -0.389449
1.028323 -0.369853 -0.343231
1.004572 -0.371815 -0.275644
1.013401 -0.371777 -0.226062
1.030313 -0.371247 -0.158628
1.026269 -0.371501 -0.144452
1.009246 -0.372318 -0.087973
1.021269 -0.370717 -0.027792
1.013843 -0.368802 0.036931
1.002315 -0.365901 0.091436
1.017437 -0.359220 0.141627
1.026181 -0.354720 0.165381
1.034311 -0.320181 -0.602240
1.009530 -0.315295 -0.582483
1.015776 -0.306437 -0.516700
1.025459 -0.305088 -0.499485
1.049640 -0.301638 -0.418239
1.032279 -0.301168 -0.361605
1.017731 -0.301301 -0.342260
1.008886 -0.301090 -0.268793
1.048782 -0.300187 -0.217313
1.032007 -0.300615 -0.174129
1.036852 -0.300733 -0.134727
1.043405 -0.301029 -0.092862
1.048355 -0.302057 -0.031232
1.027975 -0.304405 0.031871
1.035241 -0.307719 0.090357
1.048481 -0.312288 0.136943
1.038428 -0.315071 0.157704
1.034696 -0.341766 0.208570
1.069515 -0.354325 -0.608934
1.092880 -0.360158 -0.567400
1.071114 -0.364294 -0.512235
1.070810 -0.365431 -0.475823
1.096150 -0.365153 -0.425488
1.091528 -0.366245 -0.363380
1.082341 -0.367260 -0.312268
1.097335 -0.366878 -0.266309
1.087226 -0.367761 -0.225296
1.085256 -0.368205 -0.150411
1.053289 -0.369929 -0.111276
1.089911 -0.367528 -0.077430
1.074963 -0.367772 -0.041454
1.086507 -0.365146 0.013242
1.082331 -0.363090 0.052374
1.097594 -0.353695 0.130312
1.076010 -0.351830 0.154022
1.072990 -0.325359 -0.616282
1.074358 -0.310431 -0.569974
1.084766 -0.307263 -0.549133
1.055072 -0.303169 -0.475533
1.086211 -0.300641 -0.412206
1.051638 -0.300902 -0.376449
1.063559 -0.300268 -0.340585
1.050566 -0.300293 -0.295880
1.050621 -0.300154 -0.241176
1.053068 -0.300166 -0.180178
1.075894 -0.300174 -0.113045
1.078813 -0.300774 -0.067416
1.051683 -0.301849 -0.037906
1.069082 -0.303041 0.011044
1.075092 -0.304938 0.052690
1.074661 -0.309626 0.112484
1.089754 -0.343057 0.183720
1.067139 -0.329673 0.202826
1.092103 -0.299892 -0.369158
1.092452 -0.299590 -0.335746
1.085309 -0.299514 -0.289284
1.099157 -0.299144 -0.207036
1.096517 -0.299281 -0.179406
1.095831 -0.299850 -0.108064
1.113072 -0.350606 -0.615283
1.101650 -0.358289 -0.582168
1.129698 -0.360426 -0.535605
1.104306 -0.363934 -0.466520
1.117488 -0.364101 -0.421961
1.148018 -0.363232 -0.366395
1.147390 -0.363731 -0.319754
1.126912 -0.365313 -0.264343
1.145710 -0.364714 -0.208721
1.128503 -0.365805 -0.150233
1.117211 -0.366340 -0.117984
1.134593 -0.365203 -0.099163
1.141014 -0.362766 -0.012245
1.144192 -0.359775 0.037384
1.101977 -0.360998 0.061206
1.104564 -0.350248 0.147187
1.110663 -0.342480 -0.624172
1.132499 -0.306375 -0.555397
1.117768 -0.306245 -0.549702
1.120145 -0.301775 -0.483720
1.118300 -0.300103 -0.424441
1.114885 -0.300201 -0.063802
1.111978 -0.300709 -0.043168
1.130084 -0.303959 0.044560
1.123210 -0.307181 0.087201
1.118531 -0.348621 0.148259
1.107143 -0.329198 0.191804
1.143651 -0.299437 -0.422466
1.149723 -0.298740 -0.386959
1.113865 -0.298970 -0.311257
1.128897 -0.298515 -0.272297
1.146806 -0.298109 -0.216618
1.113585 -0.298865 -0.196512
1.130239 -0.299224 -0.105354
1.122090 -0.299824 -0.076899
1.146702 -0.299982 -0.048836
1.164144 -0.352661 -0.602566
1.185240 -0.355242 -0.576124
1.186397 -0.357190 -0.546454
1.180495 -0.360222 -0.459007
1.170377 -0.361580 -0.407172
1.191086 -0.360904 -0.375525
1.194548 -0.361380 -0.307624
1.167485 -0.362932 -0.291578
1.164271 -0.363550 -0.236875
1.172008 -0.363430 -0.158891
1.190697 -0.362149 -0.110235
1.171340 -0.362826 -0.079183
1.182020 -0.360452 -0.019105
1.175242 -0.357197 0.042283
1.153790 -0.354769 0.085073
1.152715 -0.350268 0.119941
1.174173 -0.317852 -0.614218
1.184656 -0.304719 -0.556577
1.155867 -0.302705 -0.521796
1.165786 -0.300146 -0.472933
1.187201 -0.300245 -0.018583
1.167580 -0.302989 0.034213
1.183023 -0.305661 0.071719
1.157377 -0.308937 0.103527
1.184335 -0.339714 0.153661
1.194567 -0.299983 -0.490337
1.190998 -0.298414 -0.431604
1.189616 -0.297502 -0.358692
1.152731 -0.298219 -0.336195
1.195542 -0.297003 -0.267157
1.195473 -0.297005 -0.236685
1.150476 -0.298241 -0.163817
1.167639 -0.298534 -0.103032
1.181114 -0.298662 -0.080561
1.189370 -0.299758 -0.031702
1.210087 -0.351355 -0.600100
1.228542 -0.354407 -0.561452
1.208305 -0.357279 -0.519418
1.236982 -0.357546 -0.451670
1.246505 -0.357708 -0.408576
1.202839 -0.360364 -0.369404
1.244264 -0.358468 -0.348432
1.202000 -0.361279 -0.274535
1.236635 -0.359878 -0.216883
1.205346 -0.361634 -0.165963
1.234064 -0.360002 -0.139131
1.244470 -0.358544 -0.076399
1.226751 -0.356965 -0.006635
1.203237 -0.355495 0.038503
1.218521 -0.350237 0.079090
1.240431 -0.322919 -0.628879
1.208027 -0.305904 -0.572805
1.222954 -0.302503 -0.547242
1.211274 -0.300529 -0.002802
1.242314 -0.302558 0.037440
1.232592 -0.308199 0.093916
1.237017 -0.318967 0.143991
1.239721 -0.329029 0.153052
1.228182 -0.299471 -0.501383
1.220141 -0.298358 -0.462624
1.215343 -0.297385 -0.407644
1.230862 -0.296835 -0.396047
1.223105 -0.296425 -0.304939
1.205733 -0.296761 -0.254518
1.201135 -0.296875 -0.235437
1.217192 -0.296717 -0.177859
1.231577 -0.297104 -0.112656
1.215666 -0.298059 -0.077974
1.213486 -0.299651 -0.023649
1.293036 -0.351475 -0.562054
1.276872 -0.353767 -0.527070
1.266311 -0.355183 -0.496161
1.263653 -0.356636 -0.425299
1.285059 -0.355958 -0.394537
1.286336 -0.356712 -0.307510
1.273569 -0.357519 -0.287563
1.283752 -0.357375 -0.234233
1.295296 -0.356915 -0.192256
1.276065 -0.357636 -0.127886
1.265778 -0.356607 -0.052615
1.269942 -0.355586 -0.033748
1.277954 -0.351121 0.026690
1.259160 -0.350193 0.051124
1.250460 -0.348533 -0.607618
1.255567 -0.305497 -0.582361
1.294153 -0.300230 -0.549155
1.255940 -0.300050 -0.000314
1.287016 -0.302327 0.038439
1.299294 -0.347020 0.051700
1.263758 -0.309503 0.100402
1.254988 -0.298987 -0.508367
1.292412 -0.297146 -0.490677
1.270736 -0.296477 -0.441449
1.258652 -0.295827 -0.364512
1.277884 -0.295154 -0.330559
1.291333 -0.294696 -0.269971
1.291048 -0.294730 -0.239816
1.294727 -0.295071 -0.163450
1.262086 -0.296315 -0.122044
1.275916 -0.297050 -0.071541
1.263945 -0.299651 -0.006149
1.281453 -0.299755 0.000255
1.321658 -0.350206 -0.562154
1.311848 -0.352580 -0.512911
1.304276 -0.353975 -0.467848
1.347877 -0.352325 -0.441097
1.335943 -0.353878 -0.352158
1.327027 -0.354740 -0.302235
1.332827 -0.354509 -0.295497
1.344123 -0.354420 -0.202866
1.318166 -0.355708 -0.172843
1.300839 -0.356419 -0.139251
1.324285 -0.354161 -0.083194
1.320602 -0.352907 -0.043354
1.316500 -0.350060 0.006734
1.336772 -0.341939 -0.623361
1.308291 -0.349921 -0.575847
1.345228 -0.349882 -0.546955
1.348569 -0.349477 -0.014734
1.300050 -0.302672 0.043215
1.344025 -0.341444 0.066094
1.301043 -0.327994 0.133909
1.344750 -0.299983 -0.566074
1.332254 -0.296460 -0.504827
1.301193 -0.296304 -0.471430
1.323742 -0.294943 -0.438968
1.305263 -0.294657 -0.370870
1.347881 -0.293296 -0.320609
1.328988 -0.293752 -0.296194
1.342802 -0.293495 -0.220319
1.301359 -0.294994 -0.155702
1.346498 -0.294493 -0.119476
1.331673 -0.295694 -0.080509
1.335248 -0.298504 -0.009290
1.337664 -0.299945 0.013196
1.354883 -0.350231 -0.525380
1.370850 -0.350777 -0.470328
1.354599 -0.352105 -0.434050
1.399832 -0.350680 -0.365375
1.350529 -0.353349 -0.330949
1.372714 -0.352710 -0.275254
1.368405 -0.353155 -0.229382
1.383781 -0.352418 -0.192994
1.357662 -0.353253 -0.128238
1.350410 -0.352463 -0.076672
1.360735 -0.350242 -0.039825
1.374931 -0.326320 -0.639857
1.374141 -0.348444 -0.550591
1.395051 -0.348452 -0.523591
1.384633 -0.349859 -0.485241
1.393903 -0.349387 -0.063221
1.382776 -0.347757 -0.022432
1.379735 -0.301826 0.037397
1.371388 -0.303906 0.055015
1.353556 -0.326417 0.118049
1.357330 -0.299644 -0.567329
1.381779 -0.295217 -0.513119
1.382406 -0.294130 -0.480954
1.383891 -0.292735 -0.400839
1.364960 -0.293050 -0.372616
1.385389 -0.292255 -0.306564
1.369293 -0.292679 -0.269250
1.369401 -0.292853 -0.213219
1.368584 -0.292972 -0.198299
1.399633 -0.292869 -0.140596
1.383024 -0.295072 -0.067068
1.379866 -0.296420 -0.035935
1.355938 -0.299463 0.009106
1.403668 -0.350033 -0.412936
1.400588 -0.350729 -0.355566
1.415839 -0.350162 -0.336837
1.425474 -0.350133 -0.280542
1.407637 -0.351250 -0.211647
1.406330 -0.351254 -0.183902
1.400881 -0.350797 -0.120131
1.401398 -0.350096 -0.093522
1.418050 -0.339575 -0.623720
1.430194 -0.344200 -0.584274
1.437522 -0.346184 -0.535849
1.446357 -0.347578 -0.450801
1.449208 -0.347703 -0.430880
1.424043 -0.349563 -0.361954
1.443629 -0.348822 -0.340423
1.436040 -0.349617 -0.282497
1.444808 -0.349425 -0.213499
1.436180 -0.349803 -0.193692
1.442792 -0.348810 -0.132596
1.439627 -0.347765 -0.088471
1.400235 -0.347798 -0.040395
1.427360 -0.302052 0.039079
1.445823 -0.328262 0.079289
1.403567 -0.325028 0.102636
1.442240 -0.297117 -0.574192
1.444780 -0.293574 -0.523076
1.413702 -0.292616 -0.456329
1.427196 -0.291520 -0.405267
1.445853 -0.290762 -0.376148
1.437695 -0.290803 -0.311625
1.412469 -0.291552 -0.250473
1.444713 -0.290814 -0.220531
1.402546 -0.292153 -0.191633
1.416488 -0.292363 -0.146544
1.446149 -0.293439 -0.076942
1.406838 -0.295697 -0.041474
1.404141 -0.299211 0.011471
1.497290 -0.339111 -0.610726
1.489435 -0.341557 -0.587580
1.492388 -0.343449 -0.546132
1.486828 -0.345607 -0.459839
1.493532 -0.345518 -0.443790
1.485420 -0.346519 -0.382898
1.474363 -0.347560 -0.318513
1.465292 -0.348238 -0.281885
1.461564 -0.348610 -0.214869
1.464997 -0.348308 -0.181853
1.463485 -0.347319 -0.115564
1.489443 -0.344297 -0.075433
1.459844 -0.344071 -0.041428
1.451583 -0.300764 0.028450
1.478578 -0.326069 0.072373
1.499902 -0.298947 -0.605436
1.485351 -0.293735 -0.552748
1.494455 -0.292047 -0.526865
1.467157 -0.291548 -0.484294
1.492984 -0.289537 -0.403610
1.487374 -0.289588 -0.385946
1.485409 -0.289468 -0.340892
1.453184 -0.290363 -0.278756
1.454092 -0.290624 -0.211679
1.491851 -0.290312 -0.155329
1.450974 -0.291937 -0.125097
1.475593 -0.292451 -0.087184
1.499200 -0.293881 -0.046493
1.452115 -0.297944 0.001173
1.531284 -0.309365 -0.641942
1.519367 -0.341394 -0.568876
1.512785 -0.342469 -0.549212
1.538850 -0.342987 -0.479372
1.504394 -0.344975 -0.448036
1.531208 -0.344433 -0.382599
1.540905 -0.344513 -0.316727
1.508708 -0.346162 -0.290574
1.524262 -0.345624 -0.238851
1.535326 -0.344710 -0.171579
1.512952 -0.345373 -0.143907
1.510459 -0.343999 -0.094896
1.549283 -0.334942 -0.009805
1.536638 -0.330284 0.028831
1.542463 -0.323082 0.055108
1.500377 -0.298567 -0.603399
1.513072 -0.296915 -0.596415
1.522223 -0.291986 -0.545748
1.532005 -0.289252 -0.475585
1.549634 -0.288085 -0.437318
1.510841 -0.288766 -0.361569
1.509573 -0.288729 -0.330147
1.502266 -0.289012 -0.257502
1.536158 -0.288420 -0.204165
1.533513 -0.288690 -0.187994
1.534386 -0.289987 -0.121996
1.519296 -0.293305 -0.050689
1.529215 -0.295216 -0.022168
1.526381 -0.299585 0.017967
1.583816 -0.321923 -0.650330
1.554340 -0.332647 -0.635479
1.578397 -0.338801 -0.572330
1.596245 -0.339667 -0.522814
1.586584 -0.341208 -0.457166
1.580037 -0.342021 -0.407984
1.579982 -0.342194 -0.388483
1.559119 -0.343546 -0.336377
1.588119 -0.342508 -0.296688
1.573778 -0.343158 -0.202646
1.594889 -0.341761 -0.171878
1.573004 -0.342314 -0.146025
1.566402 -0.339960 -0.080236
1.598332 -0.332487 -0.020286
1.599422 -0.328033 0.009117
1.585608 -0.310139 0.050520
1.563637 -0.296170 -0.605988
1.581392 -0.291051 -0.565786
1.581288 -0.288179 -0.500371
1.550482 -0.289088 -0.495224
1.577922 -0.287119 -0.432025
1.553848 -0.287588 -0.394014
1.575368 -0.286730 -0.336563
1.553904 -0.287480 -0.262175
1.585071 -0.286727 -0.233698
1.591240 -0.287581 -0.160526
1.581592 -0.288875 -0.120804
1.585873 -0.290103 -0.087369
1.598202 -0.294766 -0.021009
1.557812 -0.297829 0.004213
1.649568 -0.320507 -0.653179
1.626619 -0.300193 -0.635861
1.605928 -0.338086 -0.562448
1.619264 -0.338487 -0.531333
1.607544 -0.339997 -0.479081
1.615567 -0.340107 -0.443199
1.629784 -0.339961 -0.392966
1.637160 -0.340229 -0.313691
1.625494 -0.340832 -0.297515
1.623294 -0.341022 -0.236723
1.632697 -0.339935 -0.174733
1.616425 -0.339535 -0.130000
1.643177 -0.334034 -0.065497
1.639034 -0.329038 -0.018542
1.610307 -0.319248 0.038417
1.644794 -0.293828 -0.613822
1.633873 -0.292075 -0.598793
1.649939 -0.286162 -0.514246
1.637412 -0.285633 -0.470096
1.636441 -0.285374 -0.449182
1.631474 -0.285110 -0.395766
1.621288 -0.285292 -0.346523
1.629559 -0.285193 -0.260181
1.610836 -0.285928 -0.237153
1.645828 -0.285520 -0.188003
1.647569 -0.287951 -0.104992
1.637323 -0.291040 -0.057550
1.601795 -0.293672 -0.031650
1.611705 -0.297992 0.003610
1.686580 -0.306000 -0.653457
1.676486 -0.328152 -0.640026
1.660560 -0.334536 -0.591391
1.685812 -0.335786 -0.528506
1.664289 -0.337590 -0.477466
1.697313 -0.336911 -0.408839
1.650951 -0.339150 -0.379265
1.678345 -0.338368 -0.324101
1.662459 -0.339253 -0.281309
1.656427 -0.339224 -0.202489
1.651655 -0.339050 -0.177173
1.654247 -0.336681 -0.113135
1.666291 -0.333874 -0.081508
1.677135 -0.325922 -0.019019
1.674465 -0.300943 0.011118
1.661583 -0.291751 -0.605314
1.654973 -0.289332 -0.580636
1.699976 -0.284041 -0.500904
1.674690 -0.284919 -0.499957
1.663238 -0.284163 -0.413998
1.653804 -0.284254 -0.355490
1.687200 -0.283150 -0.318375
1.665867 -0.284003 -0.269549
1.654152 -0.284516 -0.248161
1.682566 -0.284384 -0.191839
1.660865 -0.286744 -0.126398
1.699499 -0.290524 -0.055129
1.655222 -0.292981 -0.034631
1.684392 -0.299424 0.003957
1.714970 -0.302174 -0.651481
1.730133 -0.330980 -0.604869
1.745022 -0.331204 -0.592045
1.729971 -0.333767 -0.536583
1.721438 -0.334968 -0.491950
1.705103 -0.336308 -0.438337
1.702301 -0.337060 -0.363210
1.707948 -0.336935 -0.347344
1.746668 -0.335549 -0.276879
1.734833 -0.335658 -0.212059
1.710692 -0.335934 -0.169351
1.721020 -0.333735 -0.128768
1.705788 -0.330984 -0.077668
1.739339 -0.318353 -0.011388
1.743470 -0.313148 0.002126
1.746999 -0.295537 -0.641805
1.749888 -0.285631 -0.582177
1.747878 -0.283065 -0.529372
1.714921 -0.283100 -0.479800
1.724170 -0.282171 -0.425500
1.709770 -0.282409 -0.359130
1.738761 -0.281426 -0.333563
1.741176 -0.281590 -0.269544
1.749897 -0.282146 -0.204644
1.729481 -0.283526 -0.170363
1.700669 -0.285086 -0.144660
1.709088 -0.288329 -0.079093
1.717981 -0.294368 -0.024528
1.713788 -0.299568 0.000296
1.778449 -0.322041 -0.651111
1.775559 -0.322700 -0.649570
1.774985 -0.330964 -0.569510
1.773373 -0.332392 -0.515892
1.759047 -0.333577 -0.478044
1.768067 -0.333943 -0.402195
1.764739 -0.334212 -0.386010
1.758689 -0.334961 -0.310338
1.795953 -0.333389 -0.284729
1.770123 -0.334083 -0.217554
1.786589 -0.332740 -0.190702
1.782874 -0.331315 -0.148024
1.788637 -0.324899 -0.074705
1.789480 -0.310296 -0.009132
1.754292 -0.307620 0.004365
1.771645 -0.297539 -0.650050
1.753030 -0.289641 -0.618494
1.762631 -0.283759 -0.560445
1.783200 -0.281255 -0.510944
1.785058 -0.280874 -0.496060
1.785043 -0.279993 -0.412320
1.763395 -0.280593 -0.352755
1.779740 -0.280120 -0.305418
1.765125 -0.280891 -0.260688
1.771873 -0.280818 -0.247145
1.781863 -0.282738 -0.151758
1.754125 -0.284598 -0.125138
1.779070 -0.288116 -0.072134
1.785567 -0.294377 -0.030076
1.806129 -0.321068 -0.651991
1.804392 -0.325498 -0.632477
1.808696 -0.328516 -0.594900
1.817253 -0.330311 -0.528417
1.801059 -0.331756 -0.481162
1.828750 -0.331040 -0.437857
1.820565 -0.331949 -0.370470
1.808460 -0.332789 -0.316631
1.844541 -0.331257 -0.289689
1.811691 -0.332498 -0.244056
1.838648 -0.329550 -0.174522
1.809646 -0.328966 -0.134048
1.815556 -0.324824 -0.090745
1.801419 -0.316847 -0.032756
1.831799 -0.296573 -0.655443
1.805211 -0.288450 -0.625543
1.800970 -0.282008 -0.554785
1.831487 -0.279482 -0.511508
1.820466 -0.279187 -0.469394
1.813977 -0.278967 -0.407537
1.812403 -0.278936 -0.371753
1.841084 -0.278079 -0.305599
1.839345 -0.278422 -0.269284
1.829190 -0.279074 -0.242784
1.831753 -0.281215 -0.158869
1.842375 -0.283620 -0.113774
1.807765 -0.286768 -0.082895
1.831693 -0.297594 -0.025944
1.867013 -0.319751 -0.650932
1.872855 -0.323175 -0.630899
1.861573 -0.327041 -0.579143
1.887276 -0.327561 -0.514573
1.887955 -0.327999 -0.482414
1.878082 -0.329076 -0.419235
1.886355 -0.329138 -0.367716
1.892065 -0.329096 -0.333570
1.866010 -0.330202 -0.264210
1.862538 -0.330122 -0.240538
1.875556 -0.328328 -0.191952
1.856314 -0.325809 -0.129370
1.885595 -0.314743 -0.061613
1.853862 -0.311647 -0.036242
1.863113 -0.298657 -0.661427
1.895578 -0.289961 -0.649487
1.862757 -0.280199 -0.567830
1.890260 -0.277281 -0.510665
1.877723 -0.277348 -0.487382
1.868202 -0.277071 -0.405602
1.897732 -0.276009 -0.360836
1.894826 -0.276163 -0.334438
1.891385 -0.276985 -0.254001
1.895154 -0.277863 -0.207710
1.893262 -0.278855 -0.179583
1.855242 -0.282766 -0.122505
1.877560 -0.292149 -0.051034
1.891964 -0.295335 -0.043225
1.900274 -0.308264 -0.665918
1.919067 -0.323636 -0.600677
1.927673 -0.324333 -0.575370
1.918772 -0.325767 -0.536539
1.949442 -0.325245 -0.484139
1.928496 -0.326892 -0.416186
1.933243 -0.326970 -0.383326
1.933235 -0.327340 -0.315081
1.927129 -0.327522 -0.276527
1.938818 -0.325899 -0.214963
1.942079 -0.322523 -0.154231
1.924627 -0.321320 -0.128194
1.934944 -0.310432 -0.065341
1.919911 -0.303694 -0.044373
1.942295 -0.294063 -0.663105
1.943558 -0.283416 -0.634036
1.923121 -0.279094 -0.590263
1.939267 -0.275447 -0.510220
1.944973 -0.274613 -0.457302
1.903766 -0.275957 -0.438412
1.921967 -0.275186 -0.392751
1.924138 -0.275143 -0.348352
1.948567 -0.275083 -0.265296
1.936226 -0.276523 -0.215757
1.906700 -0.278609 -0.177831
1.944790 -0.281423 -0.125110
1.927810 -0.285159 -0.093242
1.907210 -0.295031 -0.046956
1.994802 -0.309768 -0.665347
1.961666 -0.320271 -0.623677
1.961015 -0.323263 -0.561567
1.955749 -0.324519 -0.514447
1.964833 -0.324851 -0.458305
1.979686 -0.324641 -0.411671
1.980904 -0.324726 -0.396814
1.995331 -0.324489 -0.340827
1.991009 -0.324602 -0.278034
1.992728 -0.323780 -0.234601
1.974015 -0.320992 -0.159558
1.951276 -0.317980 -0.115189
1.989896 -0.300775 -0.064111
1.958707 -0.295699 -0.666298
1.997537 -0.283726 -0.647183
1.994247 -0.275286 -0.575102
1.961140 -0.275467 -0.545953
1.963177 -0.274074 -0.471678
1.982124 -0.273257 -0.449533
1.959058 -0.273917 -0.388672
1.967205 -0.273730 -0.345560
1.995254 -0.273813 -0.261455
1.991773 -0.275330 -0.210230
1.968277 -0.278871 -0.152305
1.981339 -0.281493 -0.122520
1.965901 -0.288016 -0.080284
2.009281 -0.301315 -0.670590
2.040555 -0.318120 -0.600103
2.016636 -0.320220 -0.576299
2.007421 -0.321422 -0.549200
2.039201 -0.321143 -0.477796
2.046707 -0.321131 -0.449433
2.015349 -0.323347 -0.376607
2.017482 -0.323521 -0.303468
2.005600 -0.323759 -0.264696
2.001471 -0.323373 -0.235580
2.021187 -0.318964 -0.170382
2.028020 -0.315193 -0.137505
2.033747 -0.307626 -0.096458
2.007883 -0.286262 -0.656485
2.015029 -0.282075 -0.644289
2.039274 -0.274069 -0.587076
2.011456 -0.273405 -0.541513
2.036564 -0.271524 -0.479421
2.010324 -0.272207 -0.423048
2.023188 -0.271829 -0.370878
2.033260 -0.271815 -0.323801
2.045278 -0.271985 -0.285942
2.012904 -0.275210 -0.201979
2.035297 -0.277032 -0.165950
2.030622 -0.278779 -0.146577
2.020945 -0.289204 -0.084567
2.098735 -0.309066 -0.658356
2.090045 -0.313952 -0.627205
2.079372 -0.317618 -0.559429
2.091580 -0.317764 -0.526005
2.078786 -0.318896 -0.498560
2.064741 -0.320585 -0.421540
2.073816 -0.320641 -0.375747
2.084996 -0.320364 -0.336980
2.066652 -0.321068 -0.282103
2.059513 -0.318857 -0.201014
2.096265 -0.315227 -0.181532
2.069611 -0.312830 -0.142768
2.070393 -0.303757 -0.097942
2.084181 -0.282700 -0.658529
2.087563 -0.274782 -0.621565
2.085307 -0.271482 -0.571752
2.080847 -0.270304 -0.515234
2.070509 -0.270265 -0.463861
2.074965 -0.270099 -0.400190
2.082759 -0.269966 -0.373223
2.093024 -0.269972 -0.336129
2.075849 -0.271767 -0.260977
2.079678 -0.272766 -0.228546
2.085090 -0.274773 -0.189545
2.075984 -0.280938 -0.130437
2.057582 -0.292192 -0.085678
2.105758 -0.309093 -0.656852
2.100514 -0.314251 -0.615549
2.126366 -0.314464 -0.581390
2.140194 -0.315057 -0.533252
2.113929 -0.317280 -0.487357
2.138289 -0.316803 -0.434457
2.134202 -0.317939 -0.351685
2.146250 -0.317413 -0.340358
2.134954 -0.317093 -0.253441
2.133206 -0.316946 -0.246021
2.144557 -0.310978 -0.171285
2.127058 -0.303290 -0.118840
2.129551 -0.291090 -0.673703
2.125997 -0.272566 -0.617036
2.128869 -0.269395 -0.560397
2.141199 -0.268429 -0.537802
2.100017 -0.269294 -0.473651
2.115096 -0.268807 -0.416736
2.117976 -0.269088 -0.354863
2.139684 -0.269326 -0.301950
2.146120 -0.270107 -0.267334
2.122276 -0.272035 -0.228629
2.120980 -0.274955 -0.183741
2.104940 -0.278790 -0.147588
2.100568 -0.296892 -0.095881
2.160844 -0.307436 -0.651305
2.178439 -0.308757 -0.632769
2.180537 -0.312018 -0.565345
2.198578 -0.311577 -0.545141
2.155468 -0.315257 -0.478780
2.167790 -0.315616 -0.413646
2.154534 -0.316861 -0.363961
2.176225 -0.315968 -0.336640
2.184535 -0.315452 -0.298624
2.162477 -0.313607 -0.212736
2.186152 -0.310963 -0.198015
2.165644 -0.301393 -0.127826
2.171173 -0.298145 -0.672909
2.175581 -0.272319 -0.634356
2.162042 -0.269306 -0.593012
2.175340 -0.266865 -0.503282
2.172605 -0.266905 -0.486927
2.160542 -0.267321 -0.445615
2.166478 -0.267634 -0.369291
2.199487 -0.267221 -0.341042
2.165729 -0.268985 -0.292700
2.192144 -0.271266 -0.228085
2.156171 -0.276966 -0.165364
2.175732 -0.298141 -0.122810
2.228082 -0.303920 -0.650367
2.204580 -0.307247 -0.633151
2.236397 -0.308650 -0.571397
2.241213 -0.309105 -0.547358
2.222897 -0.311876 -0.467575
2.236049 -0.312294 -0.405682
2.213125 -0.313608 -0.395028
2.248914 -0.312368 -0.313632
2.234434 -0.312777 -0.286663
2.235320 -0.308090 -0.201637
2.209345 -0.305697 -0.167833
2.202768 -0.300520 -0.139727
2.243670 -0.274085 -0.659343
2.237873 -0.270499 -0.642242
2.213696 -0.267180 -0.593241
2.223003 -0.265265 -0.502759
2.237687 -0.264923 -0.459889
2.232899 -0.265506 -0.405892
2.212140 -0.266467 -0.369874
2.209146 -0.267803 -0.305454
2.203679 -0.268608 -0.282133
2.245289 -0.270960 -0.229248
2.229654 -0.278480 -0.164776
2.200261 -0.280976 -0.147524
2.252085 -0.301197 -0.658146
2.263617 -0.305219 -0.613289
2.271806 -0.305994 -0.587308
2.254492 -0.309051 -0.520172
2.289901 -0.307652 -0.495873
2.257522 -0.311238 -0.403910
2.276631 -0.310843 -0.364270
2.250214 -0.312348 -0.328503
2.286702 -0.309425 -0.265304
2.276391 -0.308194 -0.232993
2.287521 -0.300792 -0.177835
2.255703 -0.274639 -0.662921
2.284078 -0.265325 -0.613799
2.274590 -0.264968 -0.599950
2.271125 -0.263692 -0.506056
2.256177 -0.264226 -0.486683
2.273332 -0.264080 -0.439708
2.261776 -0.265137 -0.380397
2.286528 -0.266107 -0.318726
2.298630 -0.268058 -0.270311
2.286925 -0.273431 -0.206685
2.291920 -0.276782 -0.185113
2.258205 -0.287915 -0.142981
2.308898 -0.300636 -0.638554
2.339143 -0.302957 -0.562524
2.329071 -0.304728 -0.524634
2.330210 -0.306070 -0.470313
2.328349 -0.307427 -0.416413
2.314211 -0.308801 -0.379694
2.324289 -0.308608 -0.311612
2.344409 -0.305745 -0.257246
2.328798 -0.302293 -0.208709
2.306106 -0.300753 -0.186626
2.316279 -0.269195 -0.655824
2.336069 -0.299848 -0.628624
2.315142 -0.262454 -0.566991
2.327506 -0.261929 -0.503812
2.336931 -0.261849 -0.482486
2.308073 -0.263337 -0.426225
2.342095 -0.263091 -0.396262
2.314154 -0.265360 -0.329077
2.309438 -0.267833 -0.273272
2.320077 -0.272262 -0.220606
2.343334 -0.296942 -0.185687
2.350486 -0.300172 -0.610470
2.362780 -0.300821 -0.581938
2.371715 -0.302075 -0.532868
2.368650 -0.303513 -0.489552
2.367729 -0.304777 -0.444438
2.365695 -0.306014 -0.395871
2.388130 -0.305620 -0.330448
2.379337 -0.304832 -0.277437
2.391706 -0.300279 -0.230486
2.379812 -0.277737 -0.678395
2.380688 -0.261655 -0.622600
2.395138 -0.299619 -0.565218
2.358215 -0.260773 -0.541892
2.395840 -0.260639 -0.459253
2.362894 -0.261901 -0.433521
2.375970 -0.262569 -0.390661
2.370473 -0.264882 -0.324088
2.368745 -0.268296 -0.266362
2.388420 -0.271931 -0.234643
2.351872 -0.284579 -0.174280
2.405052 -0.300069 -0.537567
2.435231 -0.300231 -0.485521
2.410908 -0.302526 -0.448863
2.422554 -0.303967 -0.357709
2.446728 -0.302920 -0.336148
2.409495 -0.302720 -0.270803
2.415113 -0.300122 -0.244415
2.417653 -0.265460 -0.662479
2.440835 -0.259397 -0.628763
2.424062 -0.258724 -0.592940
2.400815 -0.259588 -0.516593
2.449537 -0.299978 -0.473156
2.431189 -0.260253 -0.440515
2.405217 -0.263454 -0.350491
2.437364 -0.264104 -0.331934
2.448488 -0.270086 -0.262619
2.446054 -0.291340 -0.214815
2.402894 -0.292911 -0.198281
2.450233 -0.300707 -0.450038
2.476053 -0.300628 -0.415074
2.474303 -0.301439 -0.380880
2.478316 -0.300565 -0.309854
2.477204 -0.300080 -0.298725
2.478936 -0.261787 -0.661942
2.459702 -0.257832 -0.614785
2.459751 -0.296158 -0.564334
2.466146 -0.296810 -0.539958
2.484969 -0.258077 -0.475414
2.452857 -0.260656 -0.412061
2.488017 -0.261958 -0.367990
2.474688 -0.266079 -0.306395
2.466047 -0.267943 -0.285434
2.472876 -0.294902 -0.245738
2.527432 -0.275928 -0.681966
2.531094 -0.251834 -0.640296
2.508027 -0.291313 -0.598703
2.505548 -0.255952 -0.522000
2.516529 -0.255607 -0.499899
2.503835 -0.258975 -0.425423
2.504154 -0.299585 -0.378726
2.538998 -0.262708 -0.329752
2.507237 -0.295385 -0.286655
2.504565 -0.281852 -0.244803
2.543411 -0.248617 -0.669040
2.541619 -0.246259 -0.626170
2.535433 -0.249533 -0.574112
2.537247 -0.249697 -0.534139
2.548055 -0.246149 -0.461621
2.545818 -0.248410 -0.448144
2.554827 -0.259330 -0.691170
2.565469 -0.260421 -0.640316
2.573833 -0.253830 -0.584532
2.572108 -0.259834 -0.520849
2.566669 -0.267705 -0.488339
2.560745 -0.274065 -0.402846
2.553610 -0.280737 -0.396532
2.558561 -0.258225 -0.344338
2.570175 -0.235305 -0.703991
2.562191 -0.222065 -0.658537
2.598821 -0.201098 -0.638184
2.582393 -0.241114 -0.577641
2.580093 -0.249299 -0.505349
2.574859 -0.208633 -0.478399
2.593594 -0.202103 -0.443924
2.573648 -0.248343 -0.384184
2.590416 -0.197365 -0.723381
2.599391 -0.192010 -0.691085
2.578181 -0.184079 -0.626843
2.586046 -0.170422 -0.558013
2.588597 -0.167934 -0.536276
2.581644 -0.191161 -0.499977
2.593353 -0.197933 -0.446309
2.598395 -0.137549 -0.750555
2.594276 -0.131360 -0.706239
2.596958 -0.123386 -0.689551
2.594259 -0.137612 -0.631050
2.597050 -0.137031 -0.582356
2.597959 -0.145817 -0.538212
2.602055 -0.200271 -0.570753
2.601067 -0.205271 -0.531306
2.600139 -0.203231 -0.479806
2.600402 -0.171673 -0.735591
2.609915 -0.164590 -0.689112
2.600224 -0.199151 -0.624709
2.612108 -0.173394 -0.570726
2.611345 -0.176083 -0.537341
2.601335 -0.166058 -0.483409
2.613042 -0.100106 -0.772673
2.614491 -0.146982 -0.713130
2.618585 -0.145231 -0.653242
2.604975 -0.111739 -0.601030
2.605590 -0.121824 -0.559764
2.608710 -0.120453 -0.547420
2.638847 -0.064527 -0.760800
2.640887 -0.069970 -0.707457
2.619449 -0.056375 -0.673777
2.610697 -0.095497 -0.605453
2.620841 -0.093615 -0.561580
2.632602 -0.010954 -0.802249
2.623346 -0.034324 -0.773507
2.621293 -0.045429 -0.708066
2.629304 -0.029612 -0.669259
2.629049 -0.048487 -0.618758
2.641958 0.024470 -0.811809
2.647769 0.044749 -0.790387
2.648129 0.030806 -0.712574
2.648563 0.026236 -0.696776
2.649782 0.051719 -0.814069
2.650028 -0.013541 -0.805042
2.658561 -0.007010 -0.754349
2.653649 -0.031055 -0.708950
2.662929 -0.003625 -0.687209
2.657416 -0.013289 -0.648730
2.661460 0.042239 -0.835132
2.671143 0.038051 -0.780165
2.674481 0.045789 -0.706304
2.654724 0.030564 -0.682838
2.655703 0.000682 -0.646991
2.676794 0.097709 -0.860566
2.679261 0.076271 -0.821572
2.656646 0.067563 -0.775406
2.661111 0.070797 -0.742091
2.663023 0.051605 -0.698462
2.691173 0.145896 -0.866528
2.690687 0.118844 -0.802985
2.669663 0.105542 -0.786676
2.677270 0.100204 -0.743656
2.694768 0.171215 -0.876642
2.694616 0.167070 -0.809107
2.691863 0.152706 -0.793239
